Zbase,new_Z,m1,m2,initial_period_in_days
0.0142,0.0142,0.564951983046072,11.99924094251694,2.650927037914661
0.0142,0.0142,19.570775442040844,10.856234977865578,0.03964805980139862
0.0142,0.0142,0.8023998932792191,2.0962088712990568,0.5141474531424616
0.0142,0.0142,14.365381948027915,7.874328820776095,0.2510180070803688
0.0142,0.0142,2.9616441137874268,7.991499568035082,1.1886706815531238
0.0142,0.0142,4.855178048890515,1.0889598523885078,3.041849745825289
0.0142,0.0142,32.69196428297701,1.4118341967272816,4.848806241872241
0.0142,0.0142,1.952058363462199,4.3540830422284555,0.13207809943599547
0.0142,0.0142,21.66157885972031,1.1749792247128215,0.4389454667603504
0.0142,0.0142,25.631725779500997,3.0011933177641,0.20523774619790253
0.0142,0.0142,0.5851757044698378,12.975609902460812,5.787322643537077
0.0142,0.0142,76.33729350879842,8.12482883929252,0.1506655819905121
0.0142,0.0142,1.188567127454871,5.382474867424248,0.2628937040706293
0.0142,0.0142,27.69838990448148,13.406091552740229,4.493921356936165
0.0142,0.0142,7.9195392448152395,2.295578707725897,4.213985800223556
0.0142,0.0142,0.6437098076444236,26.682395802990154,0.03029121037529232
0.0142,0.0142,22.77890864476452,4.900566860063194,3.9019461543604432
0.0142,0.0142,7.702942644164703,21.2042769941822,0.5784120532581595
0.0142,0.0142,0.7325759678597399,4.363115793660845,0.43899603361829903
0.0142,0.0142,8.437429256753392,20.668796064746513,0.06519661595235914
0.0142,0.0142,1.153722869106562,4.355414058575714,2.088777720101102
0.0142,0.0142,0.9342606905367932,10.81668991171888,19.583323242726514
0.0142,0.0142,6.384134340595699,2.8533645130698257,4.793412529551809
0.0142,0.0142,0.891119825928657,1.4991593761389455,0.02191915027769614
0.0142,0.0142,2.101600507593105,25.59936046302281,0.3917329573010169
0.0142,0.0142,6.698738071044235,20.589971637284386,0.1724679094479486
0.0142,0.0142,8.291498332945,2.42938249481808,0.04567644106675936
0.0142,0.0142,54.43769465449313,6.801968129214706,12.486873740566999
0.0142,0.0142,2.2388348051880977,1.7486120084465835,9.554558437510392
0.0142,0.0142,6.082499483125558,26.404544059810856,4.543666782546138
0.0142,0.0142,12.576954777836798,10.543184322511964,0.0628215911941281
0.0142,0.0142,13.932238944485585,1.8714322868305553,5.289362125371002
0.0142,0.0142,48.42269264036183,6.559027197345928,0.043940033362736
0.0142,0.0142,5.515177045796639,4.884363821972757,0.5110647833425644
0.0142,0.0142,21.49313743076734,4.161090909835989,0.04349984859959971
0.0142,0.0142,16.54753107136421,15.370217991519164,0.06529653627809863
0.0142,0.0142,0.787930300171685,26.9743495421123,0.7517166725630381
0.0142,0.0142,50.68911842711985,6.786021892195681,0.030574611139065785
0.0142,0.0142,0.8527876395145315,5.010483905050499,9.523120317988244
0.0142,0.0142,2.534252689462995,5.3568186729752485,0.3073721278701728
0.0142,0.0142,25.88295576341612,1.9711862919453722,0.021130413683614367
0.0142,0.0142,1.200717923229953,6.454365965739826,0.08040015860533446
0.0142,0.0142,39.47716978907126,2.3367504517508855,0.08172005231960215
0.0142,0.0142,32.83236463396324,1.725683468933391,0.03978789487983213
0.0142,0.0142,41.90231594184668,2.194170640599027,6.024900393616705
0.0142,0.0142,2.179657681315882,24.021110131295835,0.037015031078268625
0.0142,0.0142,1.301172978337584,29.394195828230156,11.535693847916663
0.0142,0.0142,6.684588590654561,21.819761542466342,7.607507749901061
0.0142,0.0142,30.577189121023075,6.65251650986238,6.047242184836532
0.0142,0.0142,13.66452501839726,4.708152157590119,0.29481834270271096
0.0142,0.0142,0.914618395732761,3.0755881909058664,0.38038266100590395
0.0142,0.0142,43.19210957575312,6.706525442643423,0.33136119215850374
0.0142,0.0142,34.77619710498131,2.9971578960227587,0.09177252066319722
0.0142,0.0142,5.522327092984968,4.746804093803589,0.3201026668114901
0.0142,0.0142,22.174239744059722,1.9901443134059753,0.6458777565612152
0.0142,0.0142,0.5000760323657629,15.085169578108527,0.31754510802057406
0.0142,0.0142,3.821712799159182,4.420224171679328,1.7879181931384094
0.0142,0.0142,4.7146177103704865,12.225157174517472,11.310683965575668
0.0142,0.0142,1.615495100868344,22.539277651805623,1.2765235455765638
0.0142,0.0142,12.294640079024319,3.4986879456076636,1.1944912575768376
0.0142,0.0142,3.5945627714337283,5.782270254055339,2.8833464217155216
0.0142,0.0142,1.277412216279384,3.115522453287922,0.02258721984220445
0.0142,0.0142,17.457524058070376,18.99568613903935,1.4240820479301117
0.0142,0.0142,1.842858963409564,17.09374460104732,0.02342960927955687
0.0142,0.0142,1.8693562105424815,22.26964848238916,0.027085660711350063
0.0142,0.0142,5.7334105952936865,6.957644659925477,0.3880608760929173
0.0142,0.0142,71.99113770178295,10.008787041601902,2.484682865032849
0.0142,0.0142,1.401970316153487,17.02284958162191,0.021635551952755936
0.0142,0.0142,1.8100710078936821,14.5739125030175,1.428516318113604
0.0142,0.0142,0.6103205723959257,2.1731187445489057,0.22928925952370557
0.0142,0.0142,6.8208756028775115,26.55562868776997,0.044182270034740706
0.0142,0.0142,2.682547124103967,1.4396022806109097,0.028358153114814887
0.0142,0.0142,40.66853778805488,10.00995374548146,0.33893307451379395
0.0142,0.0142,73.69166038579861,4.679875426468049,0.027333556630001404
0.0142,0.0142,1.5025707602522531,6.01290144250227,0.1556227379152878
0.0142,0.0142,29.055747288603172,28.081686788579947,0.041008442032253734
0.0142,0.0142,8.616627173954372,3.601774736117533,0.045643863855491656
0.0142,0.0142,2.660502037624755,4.314960715532943,0.7388978293150441
0.0142,0.0142,5.52415129791045,2.5036403870993613,0.24581776739280398
0.0142,0.0142,13.996027235314688,5.122688070920573,0.22750207903616707
0.0142,0.0142,0.5817089013981965,1.1233561456211545,0.024769868008782985
0.0142,0.0142,4.091315672804832,1.019781846004391,1.3975043022753666
0.0142,0.0142,13.0081602014203,2.5674854758254066,0.31981916256602855
0.0142,0.0142,3.0501881868280085,1.5925755817158032,0.24197102910947121
0.0142,0.0142,7.33822540351096,3.054800796829821,0.11737102804590777
0.0142,0.0142,14.397202299626114,1.6000912740099171,0.10455566076742506
0.0142,0.0142,3.2151565215961053,1.1764869376179015,2.1696194204724835
0.0142,0.0142,0.8425028138168217,1.6856245686985267,7.9513871510318985
0.0142,0.0142,1.0222284527650705,1.488498308249265,0.0785714489635737
0.0142,0.0142,63.35669592077615,7.161115441921258,9.889301231026456
0.0142,0.0142,1.0733322225675266,9.841860212742862,0.09331175298096853
0.0142,0.0142,2.123535089294115,1.6199393986345159,0.06292345990380574
0.0142,0.0142,0.6719943214379593,9.294342594211855,0.06706520402078697
0.0142,0.0142,35.88873559754554,2.0615022665225924,0.07564568652980543
0.0142,0.0142,50.72957602858962,1.7275118893285202,5.35095037457625
0.0142,0.0142,4.146381068878704,25.691759364839733,0.08126089400651407
0.0142,0.0142,0.6577376660596054,2.120590936830459,1.446023382988565
0.0142,0.0142,8.434601302339578,3.60898376625264,2.720987622832103
0.0142,0.0142,7.057856836041042,4.294546691915943,0.6026011198991286
0.0142,0.0142,6.953373691632842,1.0633065760323208,0.027956992345797634
0.0142,0.0142,0.5138426413677161,1.1199957034012484,8.821806395615937
0.0142,0.0142,3.3065592643388246,2.0748309521430413,5.3608524549765075
0.0142,0.0142,0.8245987868074953,29.23736070859444,0.10947977940745318
0.0142,0.0142,3.0801844576187367,6.9916550897447785,0.23978389413508092
0.0142,0.0142,6.511462372018912,2.025950392901276,0.7926625341878369
0.0142,0.0142,0.966720198716824,8.475609832363077,0.24913446140459045
0.0142,0.0142,11.550744680014672,22.279444601047743,2.3658982104212543
0.0142,0.0142,16.17799239495007,2.7851446299553815,0.6744958632258852
0.0142,0.0142,1.4399912563422956,18.656316344641375,0.038459397168921924
0.0142,0.0142,0.7831735260635965,14.77352151930273,1.0318468302408434
0.0142,0.0142,27.340181593084864,19.401192513718122,1.9599660457831147
0.0142,0.0142,1.4551877900785846,1.648455615938127,1.8726856560493874
0.0142,0.0142,1.1929497167019065,1.9452370868842994,0.2662360569803439
0.0142,0.0142,11.72786148424655,12.23200180363611,14.747712250898436
0.0142,0.0142,1.4226741461156192,8.64858997907148,0.11122818778602768
0.0142,0.0142,0.5048400148835328,3.4244994387138132,0.022215249890931953
0.0142,0.0142,15.634197850680795,2.447704340240419,0.07225451174611912
0.0142,0.0142,10.724321321107217,4.3947566337210695,0.023394557206920342
0.0142,0.0142,3.097308105459895,21.23045012447853,10.25273031282328
0.0142,0.0142,1.1824165908827702,5.836553017965977,14.910793357468384
0.0142,0.0142,2.3539282926700333,1.0697299198466403,0.020318596936920282
0.0142,0.0142,30.206554124358977,1.0591220674182227,0.7007927325775349
0.0142,0.0142,8.326350337913054,3.6135953335562183,0.7106810140203439
0.0142,0.0142,6.292238083862255,16.14680903425925,0.14387010393204916
0.0142,0.0142,13.640038715037257,23.565395425197032,0.3466714961052655
0.0142,0.0142,33.43052341807693,2.56770709960711,1.1454202182816797
0.0142,0.0142,6.969128107834404,1.6787806662867804,0.020231067280544954
0.0142,0.0142,25.950426240214917,15.602570440615713,1.3874849013432844
0.0142,0.0142,5.14636767358745,1.1980414815262925,0.13333354081692747
0.0142,0.0142,2.823568298488168,28.415388401693306,13.583449000125173
0.0142,0.0142,3.395042373580215,15.06557273250288,0.6191272678141659
0.0142,0.0142,67.11055172172671,9.096006656208694,0.052446250582982065
0.0142,0.0142,42.482276522617575,2.3406842181619436,0.17977068728832418
0.0142,0.0142,0.7159323862044538,1.3395389339450283,1.1711458366313716
0.0142,0.0142,1.5439145265645982,8.270205006445046,3.0693756232177787
0.0142,0.0142,40.21292724271575,13.870683842157952,0.055148517546895856
0.0142,0.0142,78.93588509807527,8.016540800329244,0.6638273541547571
0.0142,0.0142,22.783132347654927,12.42947672678795,0.5607099564558621
0.0142,0.0142,58.35185090041195,5.8284902357563295,4.600739488460944
0.0142,0.0142,2.473726210247816,3.5974148690721,1.9782090353241162
0.0142,0.0142,29.723798957967066,3.1624713587136135,0.6666719975489759
0.0142,0.0142,2.027270562206946,22.535716378883713,5.606543751730163
0.0142,0.0142,0.5989357017881403,29.777755238338067,0.9107838392291094
0.0142,0.0142,50.12541197612521,1.2431248510911956,0.03463837239051817
0.0142,0.0142,20.975494394370592,1.9216572752461694,1.3151209769693728
0.0142,0.0142,9.667577525205058,3.5975692694353087,0.505352472559217
0.0142,0.0142,25.061894360288814,5.320264679043546,0.990949374814313
0.0142,0.0142,48.77365034156985,2.2958755372057054,0.24023657080180122
0.0142,0.0142,1.0951533636176674,29.694915161675272,0.14777418020833777
0.0142,0.0142,16.078034948974086,4.703334405677297,0.44739513300201633
0.0142,0.0142,9.084620427027472,1.656520889487035,0.748689411741985
0.0142,0.0142,5.490110732107219,2.15662008640505,1.1280740643445188
0.0142,0.0142,0.9479621754734007,1.8338385873783092,0.06689757284331796
0.0142,0.0142,5.875393246230346,11.397656928409196,5.234233188532988
0.0142,0.0142,32.341376175157684,18.41853150372536,0.08561647775575075
0.0142,0.0142,30.077690755915075,3.41794218381835,0.5376050175041833
0.0142,0.0142,67.29315293958287,4.905678404215801,0.022200123871488966
0.0142,0.0142,12.565541442690146,3.3246974495148933,17.139175095470723
0.0142,0.0142,76.58899743522653,2.7460929342872262,10.377973375639725
0.0142,0.0142,20.555995765231735,2.9536570964538367,9.464882733078223
0.0142,0.0142,72.57508546837674,6.370842451014837,0.8333704588746871
0.0142,0.0142,8.998682427563757,9.444064327417536,0.029180827474590727
0.0142,0.0142,0.7013087939522297,10.596634491182252,0.11906196202115132
0.0142,0.0142,12.360760746438713,6.2645694682548125,0.1553241801300571
0.0142,0.0142,1.061656828006028,26.899668826497233,1.6205938747694375
0.0142,0.0142,0.510069736529235,9.795563321107291,2.375574155036124
0.0142,0.0142,7.171879112993164,9.27739996936665,1.8483288515487815
0.0142,0.0142,13.182902677099431,3.8694248249868304,0.33076743937746533
0.0142,0.0142,21.48824889946052,10.895307164038769,1.7817796913906088
0.0142,0.0142,33.43132050385,3.5395446337911256,5.492956357548633
0.0142,0.0142,5.010496057918302,2.8443668235229596,0.03677792690606558
0.0142,0.0142,5.490951094888477,1.676511383027011,0.1546455396089839
0.0142,0.0142,58.348983348510856,2.055169041707494,1.7635480605790237
0.0142,0.0142,22.174436593984893,23.04594833740934,0.3587681740628389
0.0142,0.0142,11.43743935019191,2.418404686056723,0.02549999422672423
0.0142,0.0142,8.532180667208147,13.18169220140982,0.0643548081425084
0.0142,0.0142,0.5113605375149226,1.075413678465842,0.2270357540727671
0.0142,0.0142,1.5928567646975833,1.898524693995497,4.9270506406188215
0.0142,0.0142,9.976661533558035,1.2722324516543497,0.2743376917751709
0.0142,0.0142,2.1310343561369645,3.3226581317712944,0.02817827402850121
0.0142,0.0142,10.750435191554976,6.635269207913216,8.695202153201874
0.0142,0.0142,0.6881795765041128,3.754250795438893,13.560966411972158
0.0142,0.0142,11.71192869687647,1.3894250058330582,12.939279659794964
0.0142,0.0142,12.463216992132649,1.7159642288952548,1.6214914525783641
0.0142,0.0142,22.455107343541428,1.3435152356602786,6.444556426521264
0.0142,0.0142,57.6043613573341,9.296830858586343,0.10795254782165764
0.0142,0.0142,14.480279572841603,20.841147310176687,0.33921225688849677
0.0142,0.0142,12.437260418195233,23.535145955359848,16.308321399040928
0.0142,0.0142,30.936714891753812,6.835922965197222,0.1117972517312963
0.0142,0.0142,74.64249032787774,1.4201417701611956,0.03806382050201721
0.0142,0.0142,24.28044030731647,2.472701428484823,0.8130597058931133
0.0142,0.0142,4.471896803065819,3.174460765242107,0.3251527066697374
0.0142,0.0142,64.67061862563179,8.130572681100546,6.505662450568245
0.0142,0.0142,17.11041660212408,4.9981353951347645,1.9753806096775826
0.0142,0.0142,8.43977254845028,1.0699513868217556,4.12511032872232
0.0142,0.0142,15.160195505462646,2.928022684667658,0.06609366890614526
0.0142,0.0142,41.333881520468644,6.024749502703698,0.07337310046955048
0.0142,0.0142,16.622325618761668,1.639454871261781,0.1491486427957717
0.0142,0.0142,1.8252187989722295,1.8081582631607187,2.7699122189341936
0.0142,0.0142,79.82413244687497,15.48536837747624,0.04719746155982528
0.0142,0.0142,13.133728628120275,6.453005206885496,1.0921800175569063
0.0142,0.0142,9.01728265187545,13.099199525164275,1.4634240270984709
0.0142,0.0142,7.180742465227446,1.2364599366660614,0.4185516565122059
0.0142,0.0142,4.433009248034946,1.3298407298564465,10.538510032658717
0.0142,0.0142,0.7161038720947912,4.7663025577253215,0.04143473935522266
0.0142,0.0142,1.5073229507034993,3.9992085312777776,2.439929224444301
0.0142,0.0142,21.807944318744365,2.707504887597124,2.6041536854932557
0.0142,0.0142,56.51576566132611,17.38663925968168,0.5200023744271766
0.0142,0.0142,10.313547239306914,9.146610806251974,0.34512155702893765
0.0142,0.0142,79.28936734757276,2.07211449967006,0.13976052120040214
0.0142,0.0142,0.9012631442622524,1.6232041864732816,0.310280324348147
0.0142,0.0142,2.3804334795731976,8.300473058938131,0.02545056447109614
0.0142,0.0142,2.016137876897519,5.0672771449090455,7.971389651723374
0.0142,0.0142,5.906352091394405,2.728585752910901,0.2848544090377789
0.0142,0.0142,1.686455706178202,14.888574290874432,0.677257733269387
0.0142,0.0142,73.40266637579228,21.63434912131822,5.533087585312971
0.0142,0.0142,63.05127121771476,2.346062584679975,0.03231497949977287
0.0142,0.0142,9.881531597525612,3.1759891622028857,13.311943148005653
0.0142,0.0142,0.8926940271537652,1.7312179170301822,0.20950242884844475
0.0142,0.0142,0.7272908647226769,10.311529947709113,0.029470435061636917
0.0142,0.0142,45.38379671839914,19.60161068543447,0.8363342824690451
0.0142,0.0142,18.86570543374031,2.959557299828141,0.43345872835963584
0.0142,0.0142,0.5865232965420349,9.966793177520154,0.20475488960192378
0.0142,0.0142,14.083889427779669,17.549292136257353,0.1429712130920184
0.0142,0.0142,23.47468706797012,8.334700941098983,1.715173155865458
0.0142,0.0142,1.104590900036808,15.762513587002031,1.3254454662776558
0.0142,0.0142,2.0737186809990558,24.708529019959496,1.3388776534779054
0.0142,0.0142,20.593214614618525,3.7811198351532385,1.2097782014382374
0.0142,0.0142,1.443581969286379,4.218818475188217,0.20196098095093068
0.0142,0.0142,61.897756748142314,11.636407296686912,0.04126293248134555
0.0142,0.0142,35.213219856927466,8.399564924712333,10.729137602566862
0.0142,0.0142,2.1039341301010457,11.925896437922805,0.06030824019857781
0.0142,0.0142,74.91006337042988,1.213620270695163,1.694846071366893
0.0142,0.0142,8.668075911021683,1.9028428882287092,19.49052190261938
0.0142,0.0142,2.4790115983487424,14.611542277074228,17.791976185364284
0.0142,0.0142,7.553687357838848,11.71295484302116,1.6532916284843675
0.0142,0.0142,20.209958011861893,2.6658824549351343,0.061735543584080926
0.0142,0.0142,0.8880090911964196,7.199200797183506,0.3288512152054349
0.0142,0.0142,32.256750250588894,2.4925854996464163,0.06012735189083769
0.0142,0.0142,2.3429759301507858,5.5905597891958125,0.06285868431409858
0.0142,0.0142,3.2391081030043036,5.812425301526011,0.19253404363493531
0.0142,0.0142,3.4886458507610896,2.025084169894454,8.032413830021204
0.0142,0.0142,1.9895475214858425,5.009396639368568,0.03292528158482066
0.0142,0.0142,32.06357806351165,18.545211688208976,0.2534237143381815
0.0142,0.0142,9.151438567626329,10.555315347324317,0.3348707308826406
0.0142,0.0142,37.40963562386449,15.88734637545994,5.498357446599877
0.0142,0.0142,2.13564341432367,18.87565570192137,0.15909797445080393
0.0142,0.0142,55.47829731080566,6.569984159237162,0.24177744770170245
0.0142,0.0142,4.74951761662316,1.3925080672939996,0.0678577119144335
0.0142,0.0142,14.462280798066983,3.915779911595971,0.3999797860173869
0.0142,0.0142,36.478105074950946,23.90149142460325,0.7688069338930175
0.0142,0.0142,47.55619702295499,2.392314756376902,0.1380065399469785
0.0142,0.0142,5.232070421216009,2.7992989603253555,12.089211895367484
0.0142,0.0142,7.2836677628541695,11.87254277689587,0.3706725723214701
0.0142,0.0142,0.6123985801618291,10.525379592838553,11.897309628034412
0.0142,0.0142,18.743884618917907,4.972630481543015,0.23163372746180955
0.0142,0.0142,6.512379260699214,1.0457270738594369,0.09896932555835268
0.0142,0.0142,16.903824529573708,8.831643766768508,0.03036779916818261
0.0142,0.0142,42.75680144920105,2.8910461408683807,0.6842244750229504
0.0142,0.0142,7.570784125166688,3.1847893497882316,10.447932599274385
0.0142,0.0142,1.8082087771468243,16.84694370381531,0.5459049707028628
0.0142,0.0142,21.352579105136115,9.501493878558263,0.24891501099149652
0.0142,0.0142,2.3451721029589723,13.857659175847726,6.944671023883938
0.0142,0.0142,3.2399417746780608,7.32283782120579,3.2256088738847866
0.0142,0.0142,2.679555648118064,18.84776350825308,1.7972009729841867
0.0142,0.0142,7.521240158298155,6.919361970218986,0.4009173662628128
0.0142,0.0142,3.1431292636799446,1.2130145920114264,1.9638884696991004
0.0142,0.0142,2.3793670871058064,24.927305115903188,6.530339843881587
0.0142,0.0142,1.016513944975544,14.88080672019468,16.872299066842785
0.0142,0.0142,6.264617687921558,9.817038643520874,15.585093826808807
0.0142,0.0142,53.94470966016874,2.875093180431981,18.552446540992086
0.0142,0.0142,3.670977077574252,5.32831896616642,7.589301081353734
0.0142,0.0142,0.6043691783372166,5.87534207271568,0.3716125114034217
0.0142,0.0142,20.081985335399075,1.4528587793558392,1.1250592579723862
0.0142,0.0142,3.2831095162782935,1.5767342427783324,1.1048779276960081
0.0142,0.0142,0.6144065383296565,2.2650323334549674,0.33570221812700374
0.0142,0.0142,3.806681447788339,7.232893623692108,0.05046856538464183
0.0142,0.0142,43.96977154989235,9.755204869237467,0.09012458118906126
0.0142,0.0142,6.398763060586439,23.56140582333909,0.18798795158531312
0.0142,0.0142,6.6438469623535905,5.663041684163141,13.137722008650245
0.0142,0.0142,48.845461733543516,6.791758691831801,0.04098508773852085
0.0142,0.0142,2.2005473720664117,16.208271737585488,0.2978246504352692
0.0142,0.0142,69.36320993115227,3.4501529309277195,3.769191294793671
0.0142,0.0142,57.62718622136925,25.01411912978282,14.968283752946695
0.0142,0.0142,1.9298383995300907,10.62683215266886,0.04912689308062183
0.0142,0.0142,13.18980183679733,9.664296266910315,0.11424712156668686
0.0142,0.0142,64.15335489466501,11.698333635166373,4.988983799888377
0.0142,0.0142,14.383443074457755,9.328769419214305,0.4481441040158165
0.0142,0.0142,17.033263928477915,5.769221618860037,10.421569913833936
0.0142,0.0142,1.9809571666785268,8.342091258170777,7.315637930852257
0.0142,0.0142,8.337020313876385,6.77514647244339,0.5519976797942483
0.0142,0.0142,1.0570868152682382,10.561608504237556,0.1385983906715831
0.0142,0.0142,1.0507062099783755,3.437499506314237,1.1003671777478683
0.0142,0.0142,78.1966576612022,23.34466935943485,9.061805533051215
0.0142,0.0142,72.72349600949623,1.2371532023606868,0.18286674996991795
0.0142,0.0142,72.14240115476316,8.321114172503444,17.234695210879156
0.0142,0.0142,0.7036553905853106,7.234386187806193,0.043594154072280844
0.0142,0.0142,3.0402582598875942,13.238738515870773,0.04742323971566416
0.0142,0.0142,2.9222070315952813,1.5669289677994669,8.372680128289105
0.0142,0.0142,7.5897896428345595,19.127412528967792,10.062852143578207
0.0142,0.0142,39.276021341786155,3.7297253874422776,0.039320341856126206
0.0142,0.0142,28.21694062603629,21.14181940411404,0.07810402324854478
0.0142,0.0142,11.708723532482463,3.0022986338214444,1.7286369214320982
0.0142,0.0142,25.046753835226795,8.87936473207419,0.33775050821135516
0.0142,0.0142,21.705970225833386,8.419425860471202,9.420629573803264
0.0142,0.0142,37.67691012814159,1.264071403291749,2.74438905295321
0.0142,0.0142,54.83812342344677,5.043037989313933,0.20950814215431587
0.0142,0.0142,46.34548780340262,8.414892370027312,0.1942937347528953
0.0142,0.0142,23.31591390017197,4.793168866701587,1.5609636705574155
0.0142,0.0142,3.973100347714082,5.009221753420552,0.05673577086931069
0.0142,0.0142,0.877021017469286,2.0647675781238615,0.11399216418648991
0.0142,0.0142,6.071995609213902,29.59583789007094,9.640076251889083
0.0142,0.0142,2.218062206618492,1.0746283860354497,0.04772319221320537
0.0142,0.0142,33.91579813902591,4.944698746542702,3.127802018874945
0.0142,0.0142,8.565380684335349,1.8635301348997901,1.4786779232916816
0.0142,0.0142,2.3503345164361384,4.325597368972166,7.955361695791562
0.0142,0.0142,8.11979148592089,14.216486754186537,9.074735105797243
0.0142,0.0142,1.3871957174086942,17.71801110479674,0.2326189575135884
0.0142,0.0142,27.532459097757094,18.970509509202024,0.034404869483127404
0.0142,0.0142,3.4093811941940837,24.718691808052387,0.8861476059124826
0.0142,0.0142,0.8384991013696336,6.817884894657538,1.868763444046774
0.0142,0.0142,5.534622889664183,4.631905755919483,0.5936824964997084
0.0142,0.0142,1.5604000898648667,3.981416967905704,0.32531472899821634
0.0142,0.0142,1.3057919985259714,22.96237588785732,0.7222422430512117
0.0142,0.0142,9.378088369475558,6.338052771417532,0.23935560599465264
0.0142,0.0142,15.15444575663985,3.1902664681457766,0.3371256019773455
0.0142,0.0142,8.231522335525046,6.8071526994520895,0.1427152224827961
0.0142,0.0142,0.8105697619432257,15.244331774046364,0.04132613551791758
0.0142,0.0142,41.004275053629215,1.3309105920812725,0.12338355381257571
0.0142,0.0142,0.6453938511219577,2.6826357146840376,0.036996250103203385
0.0142,0.0142,0.5680574483037745,28.660673514556514,0.4248121263526154
0.0142,0.0142,22.034388007968605,1.8637062606190435,0.46456678496997417
0.0142,0.0142,42.8088689835939,10.377103311277569,13.54734474621763
0.0142,0.0142,5.398880495755209,28.137848774354485,3.425162995384878
0.0142,0.0142,0.6796951210124486,9.46562788555021,0.31122037837245614
0.0142,0.0142,18.588942900328522,12.193697109126603,6.065968507022994
0.0142,0.0142,4.143290535008166,1.0906262205477664,1.9979182679614602
0.0142,0.0142,10.573730184375343,28.33739358416556,0.7624540443116508
0.0142,0.0142,20.647561749627616,25.98260197712761,0.13670614696083092
0.0142,0.0142,1.4292697763430866,2.876241986920794,0.06648912156756746
0.0142,0.0142,28.954985950584664,11.035333598278536,0.912851480567818
0.0142,0.0142,4.792142106966192,11.814715652590596,0.0945359457806936
0.0142,0.0142,16.46024350789554,8.638313050063603,1.9088240360563207
0.0142,0.0142,1.0617554701522924,2.202326237141588,8.31947611053254
0.0142,0.0142,2.888239929612174,4.52459172349053,0.20554332899058153
0.0142,0.0142,24.191153523976332,1.7628342419182785,0.26354942323995495
0.0142,0.0142,35.96296348854049,2.958963444163605,5.816323725274984
0.0142,0.0142,66.32229061928427,11.240292953162113,10.401774818340426
0.0142,0.0142,49.25895852869958,5.344921912093513,5.389343225715934
0.0142,0.0142,17.652394651524467,2.5093637807203923,0.12030653024791546
0.0142,0.0142,26.167556110216264,5.19496586562003,0.04542723049262003
0.0142,0.0142,4.336224799652077,5.768437602687702,8.885569356308176
0.0142,0.0142,30.12848648402708,4.621821474282556,0.05842390618394921
0.0142,0.0142,0.7590246024977412,6.333336416399626,0.8719288934947808
0.0142,0.0142,3.6813100690931124,10.497355616560796,2.267432959854772
0.0142,0.0142,43.52740619634168,15.17973290060782,0.502307186019515
0.0142,0.0142,70.53039133014587,1.428016302885873,0.11540623097759294
0.0142,0.0142,8.728052273284995,11.880718193288192,0.04570586601009836
0.0142,0.0142,10.106667081931926,2.876252049487962,1.0580354535605327
0.0142,0.0142,2.293192632470185,4.723965728869081,0.032521862840725925
0.0142,0.0142,26.61805064541072,3.62084882093939,0.05093556959494207
0.0142,0.0142,2.423813911703841,1.073016203154815,3.522168074590837
0.0142,0.0142,44.16896540027828,3.0352187112480684,9.66350559222688
0.0142,0.0142,14.12080422942853,9.029183900501867,4.415015231148826
0.0142,0.0142,1.057880003642947,3.0003392078312983,0.16625274623057246
0.0142,0.0142,2.5986249615510673,10.367194816083703,0.23001113726064704
0.0142,0.0142,49.4693569746076,2.911099500324118,3.6954365948785948
0.0142,0.0142,8.531424740675996,1.51644123048024,0.2004281645762442
0.0142,0.0142,0.5800261457051203,2.4307062007272497,0.33570426699019873
0.0142,0.0142,45.47002182596214,16.099741061141973,0.7091236705125997
0.0142,0.0142,68.68427437085906,10.242032549905394,0.10384954306498817
0.0142,0.0142,3.409588668862605,7.858878193219604,0.09635567210960702
0.0142,0.0142,23.949554130009428,20.211026067766618,0.18623263161455067
0.0142,0.0142,4.984553547541132,25.115748683553978,0.17154011409280362
0.0142,0.0142,5.890853272055559,7.60592786165319,0.8821432503541762
0.0142,0.0142,10.762002485379957,14.47347953583695,3.1947136017448825
0.0142,0.0142,42.85133082610912,2.459495041323618,0.7903893827628902
0.0142,0.0142,2.1895451521195337,15.30964193282412,9.621453194515674
0.0142,0.0142,60.168706545283236,21.020712986398102,0.026267748442329857
0.0142,0.0142,2.3874004919368264,1.4594501506819675,0.09808589342600667
0.0142,0.0142,13.00464905656043,1.328698942450967,0.3516989084117885
0.0142,0.0142,58.44466211736797,14.362971179454789,9.059344825512655
0.0142,0.0142,1.274713336962744,21.837046963681605,0.042191012518510346
0.0142,0.0142,24.973781427950712,29.973000506994495,0.30292427355516205
0.0142,0.0142,2.0254788906023253,2.2441857027546135,0.13517530421039148
0.0142,0.0142,3.404894982227538,1.004092429186383,7.701270973526789
0.0142,0.0142,46.77293338261436,3.4437731937290383,0.023273106564374778
0.0142,0.0142,0.9968944828262523,21.57776253574649,6.603531148548631
0.0142,0.0142,10.291088122877182,2.1622755536081266,0.07990759680558573
0.0142,0.0142,38.1451291319105,6.724603787383203,0.3302141976706038
0.0142,0.0142,1.5696118767296003,18.481989462928887,0.9920515562717185
0.0142,0.0142,1.3040219751457742,6.945523497128064,1.194758665265638
0.0142,0.0142,9.7603578077288,2.1130078844708056,0.2699557103101351
0.0142,0.0142,12.902491208816745,1.1078595260694017,0.1770766723892184
0.0142,0.0142,1.0558438002765942,4.437357812612799,4.321838911095096
0.0142,0.0142,13.07324981115321,3.388156053997553,1.0855389671262399
0.0142,0.0142,7.348320640692809,5.960847533090225,0.2865119245452572
0.0142,0.0142,21.27351762814266,14.307671577654999,1.2011905952507518
0.0142,0.0142,1.5940406616844152,5.379872506409992,0.033728869030145485
0.0142,0.0142,64.4166514028737,5.462549890453136,0.0580326230718053
0.0142,0.0142,0.6536880273434325,1.2640254822492223,0.2003171811635027
0.0142,0.0142,2.235061868744691,19.18547167433311,0.9851513617962081
0.0142,0.0142,4.342738796031838,14.650209723693202,0.7880062193807157
0.0142,0.0142,0.8900159810005265,1.3198416879009713,0.6207598738265586
0.0142,0.0142,4.888354191373176,13.500279151480534,0.3434068423040072
0.0142,0.0142,7.648107375311764,6.092780829123723,0.024450784444410484
0.0142,0.0142,48.005429731957605,1.1205169789466274,0.023502917209249415
0.0142,0.0142,9.0937633609909,1.6109129710921342,0.055419476589690084
0.0142,0.0142,19.460888998654546,1.3359665965992316,5.16980419045735
0.0142,0.0142,19.26925085176864,5.535336846659293,0.6120237744872743
0.0142,0.0142,11.749096705399248,5.76165854434957,8.357990975193424
0.0142,0.0142,40.426643664823985,2.601013711269823,0.024561652517797176
0.0142,0.0142,2.0363398462851587,3.9977181596320355,0.2728845478200758
0.0142,0.0142,8.359793510933736,7.346944834694989,0.027103140942515185
0.0142,0.0142,39.80036283173681,4.405520896769995,11.428105937884265
0.0142,0.0142,58.50424329863924,5.023383896826308,5.020475293937317
0.0142,0.0142,19.028357956879745,2.0354931476137756,0.029037478534828347
0.0142,0.0142,1.127461851320882,10.435824507562439,0.38425365718784205
0.0142,0.0142,2.4739211104031646,4.769832292429685,0.16081616721562356
0.0142,0.0142,3.8224570443607764,13.684441795544108,0.07832223806590606
0.0142,0.0142,49.792761282215174,27.793346145934322,0.37055689092698724
0.0142,0.0142,19.79136772401089,3.3180277135447267,11.257382821658654
0.0142,0.0142,76.01752911404029,10.698292607044634,0.16311472791565926
0.0142,0.0142,57.809082057578706,8.702837269691825,14.026943991060222
0.0142,0.0142,48.010693828030035,2.958488136053562,0.05599814309043335
0.0142,0.0142,54.507965688457524,9.592957196646296,3.8279937986322645
0.0142,0.0142,3.857505693449699,1.8761499134900523,14.054830749636858
0.0142,0.0142,44.25665249073379,5.309769360367024,0.30350675750726097
0.0142,0.0142,6.402006516855181,6.585063748787684,0.05179750103103264
0.0142,0.0142,0.7845011901677297,19.543797200507292,0.44209439495092173
0.0142,0.0142,1.4414253230320235,6.29343923486309,0.20129482391795311
0.0142,0.0142,0.5692190628235554,1.726841955240139,0.48512173747826276
0.0142,0.0142,17.421622303917378,1.3394509655923665,0.059741709693452424
0.0142,0.0142,2.263877464814683,9.61586238054214,0.15687781529236638
0.0142,0.0142,78.30613247996031,4.6465280538730385,0.035359627568187155
0.0142,0.0142,13.419669654994784,2.647573526487425,2.4140245835760448
0.0142,0.0142,52.939196568896435,26.20573824356725,0.7828804038035587
0.0142,0.0142,48.67245798312938,13.868270766096508,0.39233641107457795
0.0142,0.0142,6.437023586692682,2.013452884788086,0.7135399726645038
0.0142,0.0142,25.030939319835905,2.92906187647731,1.41377472215683
0.0142,0.0142,2.7753292680311055,1.011267476793074,3.6518752374722623
0.0142,0.0142,56.655199449641806,6.480535388533143,2.9553051433457287
0.0142,0.0142,17.90727667407811,15.785945318683025,9.260285965791168
0.0142,0.0142,1.6145015520002841,6.892060221292864,3.1227042867709964
0.0142,0.0142,5.225382966651677,1.6565483080133323,0.5004924213242314
0.0142,0.0142,26.07681199778156,8.77285484311865,0.19127906795723645
0.0142,0.0142,0.8919135182465122,4.713724943022766,12.608759312912097
0.0142,0.0142,2.003813836537196,25.558737899160718,0.15412603429404675
0.0142,0.0142,3.1589206777500793,1.9713557159302726,7.964111808371717
0.0142,0.0142,13.620748196552325,3.652181165878219,0.04212603551048449
0.0142,0.0142,0.9284400998394625,14.242950433878999,0.06993678551485541
0.0142,0.0142,21.565786235588888,5.948074565726747,0.09614799516680836
0.0142,0.0142,14.503002621066013,23.532761825971182,0.05723008689728909
0.0142,0.0142,2.7025504369019107,6.915292004287631,2.1429360739741456
0.0142,0.0142,7.138070529950544,2.3991029185246133,0.21815914187774404
0.0142,0.0142,16.148342480350607,17.069500721781633,9.995212427683567
0.0142,0.0142,5.828189270115041,5.458764307121438,0.1521661593097457
0.0142,0.0142,2.389565767156316,15.922795736703746,8.261726347229526
0.0142,0.0142,7.866283179133763,18.145615552303134,0.0779188741570571
0.0142,0.0142,29.30161492594679,1.0818006905443063,0.1760043934833594
0.0142,0.0142,28.872834860227037,2.4113458448781215,0.02141690895251822
0.0142,0.0142,1.0243609740843975,1.2936939229763993,0.2399436120457746
0.0142,0.0142,28.933228189224177,3.7390703862513393,0.10675951543815931
0.0142,0.0142,0.7953482747518207,8.708976643988,1.0888315038174292
0.0142,0.0142,15.664165519616596,7.06176577440908,7.936768707525036
0.0142,0.0142,3.949549973012064,8.395198347433446,0.029052465330962448
0.0142,0.0142,1.2157317228678746,1.0201939703658585,0.932580785712137
0.0142,0.0142,0.8290443550575904,19.094632015258064,10.898270903755853
0.0142,0.0142,70.47877260735275,17.60716931845379,0.020814048488957397
0.0142,0.0142,24.34643719913499,1.1111931383572835,0.21564333008681738
0.0142,0.0142,62.02372330462006,29.21918532309499,0.330718954815751
0.0142,0.0142,3.406111057312929,8.24307283033782,0.3182459914722403
0.0142,0.0142,0.8273774696444115,8.48650251146558,0.5540750148288663
0.0142,0.0142,35.24647519349188,26.932625377778006,0.6010578538428296
0.0142,0.0142,45.894521563682865,2.2649885349158043,0.3434931678154183
0.0142,0.0142,0.5833912130742352,3.8801729219803907,1.9758335870015402
0.0142,0.0142,8.468688281172922,5.611390075568654,0.8713578497007547
0.0142,0.0142,3.476438746301995,4.515399880855995,0.3311656520476551
0.0142,0.0142,1.0070065857025854,1.3185280551103686,9.397504735495417
0.0142,0.0142,6.287612647446429,3.06299094257676,0.207591543649716
0.0142,0.0142,6.733505079933357,5.214103723388278,0.11784361162051238
0.0142,0.0142,15.735075311362477,2.053636810858745,1.0612321416867672
0.0142,0.0142,32.23129431114333,18.461347823571227,0.17123044792382314
0.0142,0.0142,34.15912972226233,4.273876112763503,13.382559272373316
0.0142,0.0142,8.67793459041395,12.374551306001308,9.28092510521882
0.0142,0.0142,10.58350106325907,1.7041483955837218,0.1613750607221718
0.0142,0.0142,2.947258827456359,5.786417216063727,0.14769324033381237
0.0142,0.0142,1.6760835964584542,8.791272673641615,0.021456665548035048
0.0142,0.0142,0.6502383991249591,1.1831142020118286,3.3531408666267413
0.0142,0.0142,27.304288541888805,13.989250885676919,2.4644653465761976
0.0142,0.0142,33.78876879419123,23.652866540984697,0.9277298431389148
0.0142,0.0142,27.355886219133804,23.9250999888638,0.9550184005386025
0.0142,0.0142,66.75089545938692,2.1043695447001896,18.264808126775986
0.0142,0.0142,5.173558268352433,3.646158862161725,0.2867966383167476
0.0142,0.0142,12.48449290538358,12.995386796911964,0.056916351234938344
0.0142,0.0142,5.42890923235095,12.874601083192124,2.848452674676379
0.0142,0.0142,0.8121755198834673,11.929402447845018,6.018252765138785
0.0142,0.0142,3.117414522870095,15.869998132345405,4.038232622384043
0.0142,0.0142,0.899514196939188,21.022142975830672,0.8857358711575296
0.0142,0.0142,42.42235911901183,2.958054702841782,0.11288459320000768
0.0142,0.0142,0.5278206262247538,6.348587576216318,6.371503893072143
0.0142,0.0142,1.0191004379308426,1.1701369094341822,0.07812033700446881
0.0142,0.0142,1.5744437504473494,5.339017776319391,0.19443970569375316
0.0142,0.0142,69.23239046603366,1.1850584478989155,0.029228621812002285
0.0142,0.0142,15.009440909851207,5.4091959854486245,1.0266413786791204
0.0142,0.0142,69.10092475496893,3.766398364811526,0.07671146419306757
0.0142,0.0142,9.281858988997632,16.465193210427525,1.6197909271985513
0.0142,0.0142,5.838424578272353,29.69930554052197,0.33779649866311295
0.0142,0.0142,35.10036257486933,27.069856199929397,0.42803692425791773
0.0142,0.0142,6.72202362279834,2.6805900721475098,0.13242982283556684
0.0142,0.0142,1.2922039633350157,11.721140895205616,0.834463946634813
0.0142,0.0142,1.425110554768798,1.4278831761227453,5.30973334199291
0.0142,0.0142,0.8599558943869504,1.0007897962076961,1.336837022216064
0.0142,0.0142,1.263331879983766,12.645369882959688,2.2659602546166697
0.0142,0.0142,0.6490231006107253,25.775698198727554,14.748016698585701
0.0142,0.0142,2.0636386420196717,1.0613903203237027,0.02828381916275117
0.0142,0.0142,17.948243513426345,1.6428467103705298,4.342656527903517
0.0142,0.0142,6.196468900003883,5.3875405783501895,3.1921859781036726
0.0142,0.0142,10.49908996651803,2.8879327970732995,4.048361428245114
0.0142,0.0142,1.344735890181917,5.891050766443084,0.11928294820531832
0.0142,0.0142,5.580026478311829,1.6041231008233978,7.360711484278433
0.0142,0.0142,16.69417486859041,14.771443817931528,9.553385426359888
0.0142,0.0142,3.9370406323106484,2.636911490178653,0.02905600911282131
0.0142,0.0142,5.48732484029714,1.5070126402981436,0.8058975020522892
0.0142,0.0142,5.770848878565719,10.739899173554285,19.374562277069412
0.0142,0.0142,16.97256463466466,8.454760956998241,0.07431138630660739
0.0142,0.0142,3.1092230759933526,21.42736932176669,3.5946778514255153
0.0142,0.0142,3.2971917882149513,1.0929955715678843,2.263396976003861
0.0142,0.0142,7.704834298648805,19.037130463853,0.09725147890087882
0.0142,0.0142,9.856687154624957,18.92675688310695,0.7979523564081719
0.0142,0.0142,45.686773410571575,2.887786448960548,16.958664084900303
0.0142,0.0142,13.590051622841667,3.7027646912429035,8.536573185122752
0.0142,0.0142,27.956762819773548,2.3583422901132924,7.985063882312645
0.0142,0.0142,1.6423867728076837,3.248896393843918,0.642647464146255
0.0142,0.0142,8.630718488398376,19.35590841834489,1.0073360630610109
0.0142,0.0142,35.3770135506904,12.430231114311983,0.5338407342944712
0.0142,0.0142,51.692420681538565,1.3103324844120263,10.01042798513434
0.0142,0.0142,2.7331433076687466,18.31164194806628,0.26985230554523054
0.0142,0.0142,0.6619243932374853,13.692684853610428,0.08256526038442995
0.0142,0.0142,7.977716504022857,5.931980305256621,6.184801590867505
0.0142,0.0142,0.6565824291385975,4.423184192096942,0.04386881009708119
0.0142,0.0142,3.015856709586764,9.889826776243249,0.07347839664181696
0.0142,0.0142,3.6339399029000643,4.479298276769372,12.034259505918323
0.0142,0.0142,38.76785055401027,4.620642771848482,0.03930443547093464
0.0142,0.0142,59.120410095555535,1.7912905343329792,0.6931427078539857
0.0142,0.0142,1.0216527640012663,16.84290214294283,8.537603864332814
0.0142,0.0142,61.213249023019465,1.0934073343032222,4.255297092714609
0.0142,0.0142,9.00279226427486,1.4839620049641153,18.04029948912208
0.0142,0.0142,45.18864152663656,3.466723894208511,0.03885006599962116
0.0142,0.0142,0.7578207494032808,29.582795654984135,0.6169568102815555
0.0142,0.0142,0.7637364977969212,3.1414891646822625,0.8100856922862731
0.0142,0.0142,25.450125077006305,11.864872941303144,1.8215232451418037
0.0142,0.0142,30.66322043885644,26.300289587671738,0.14555248667085338
0.0142,0.0142,3.260021131945198,1.5818683394356463,0.4440090521678324
0.0142,0.0142,0.6521777446020599,1.0534597346327854,0.052165487358722104
0.0142,0.0142,2.0920229061107323,5.0281243958449355,0.0647137505789641
0.0142,0.0142,0.5675495767387241,10.814269565242183,3.8021810891415653
0.0142,0.0142,29.82485193324568,7.88195813676273,1.82660899213153
0.0142,0.0142,15.85357458586545,4.80403827025674,0.7745827763507339
0.0142,0.0142,2.6340820358713093,18.156638869072786,2.1481663252522742
0.0142,0.0142,14.674706252455403,11.746985888482747,1.0466223114348077
0.0142,0.0142,15.331569591373327,10.931584174736335,0.02149661381738848
0.0142,0.0142,28.059538149316666,2.3218628047062175,0.1326418488135956
0.0142,0.0142,8.407703153851616,13.123537080666962,0.05495174454259015
0.0142,0.0142,1.5329634254138087,22.485396581630773,10.647869520128024
0.0142,0.0142,1.2112582897536568,8.815445256873856,1.1219972130800442
0.0142,0.0142,2.527000321262329,5.011080352243745,4.56109288305774
0.0142,0.0142,0.5271761337593666,9.043863345675257,8.856917227027205
0.0142,0.0142,2.457802641367619,1.523156068909538,0.6213610425635411
0.0142,0.0142,6.6412865987578265,12.931867488374047,0.06204397767495421
0.0142,0.0142,29.376172265530165,18.72622673557874,1.088369491561187
0.0142,0.0142,2.388685164639413,5.006399205608192,4.710347831360801
0.0142,0.0142,10.820402576894928,1.8223855408930454,12.34916564911667
0.0142,0.0142,57.430022733478076,12.120758816677876,7.3656631958344585
0.0142,0.0142,10.047144053225416,4.773002236005359,0.40823084872669035
0.0142,0.0142,10.30773925142859,25.95218459942668,0.02028609018973781
0.0142,0.0142,17.5839119191956,1.1368477501648822,0.07729861713311187
0.0142,0.0142,11.11155693320995,2.2591345742300586,7.68369544877359
0.0142,0.0142,1.0363004341254782,6.561047154130385,16.456160261935626
0.0142,0.0142,3.00325286437809,2.8100793528361807,2.981016025825136
0.0142,0.0142,22.42009921185283,5.133474115150648,3.900032246141962
0.0142,0.0142,13.801488666057503,3.554243713050616,8.23111182944515
0.0142,0.0142,22.387040672925732,18.31427244896643,5.146085192701667
0.0142,0.0142,7.848200166900456,11.23000203185562,2.5195596378962355
0.0142,0.0142,0.8997206527109616,24.253110932688408,4.474725311116524
0.0142,0.0142,15.154920986202631,20.313307778531055,2.0174176520716105
0.0142,0.0142,38.42476317033947,24.237273590510245,0.3454772057693487
0.0142,0.0142,18.795419779962007,1.9675856413475286,11.476336415659587
0.0142,0.0142,65.66215028376507,1.1419525570345035,16.67463212069379
0.0142,0.0142,48.8654359712218,27.357157356191284,1.977614155245411
0.0142,0.0142,13.187545975634798,28.553059886406995,0.054173858805149536
0.0142,0.0142,4.352796215493938,4.938631955490085,0.024789037571373733
0.0142,0.0142,2.5149846930444606,20.892664523048087,3.05694770119047
0.0142,0.0142,8.413111482197763,11.703346030055886,10.743437999939138
0.0142,0.0142,0.8542983052910627,1.9575710871505034,0.1863269942258783
0.0142,0.0142,0.7443339649837651,29.892153440016095,0.20150076113653018
0.0142,0.0142,7.1858358615021825,6.922123164394848,1.636295974001577
0.0142,0.0142,2.5580547910526303,10.108225442027816,0.025431528123075076
0.0142,0.0142,12.83014326658752,18.41533884783682,0.5463184060453987
0.0142,0.0142,2.456748994088928,1.5680748041477814,6.592086976514011
0.0142,0.0142,35.949698750239875,3.3975124030610857,0.0783376611399215
0.0142,0.0142,58.48516033909786,7.96428099110837,2.821449124750476
0.0142,0.0142,1.3439458425140918,24.168327997584342,1.2312138174420346
0.0142,0.0142,19.990294650301227,9.058267534061418,0.2571010451258391
0.0142,0.0142,0.6032577822145075,27.187866267021395,0.028117093254939877
0.0142,0.0142,1.3465539711282701,1.6389179065477832,1.8535178904790348
0.0142,0.0142,0.8071349972259312,3.6781396366672023,0.04510587401496019
0.0142,0.0142,1.7845412695788536,5.833823937882835,0.08479312520038752
0.0142,0.0142,1.510694672115556,6.832269417910997,3.8823776489046127
0.0142,0.0142,0.5128158078196139,2.1884345613681244,0.06927675155139901
0.0142,0.0142,50.79431876882863,3.24528751208054,14.17549200751768
0.0142,0.0142,7.449647672119699,1.8393478373482173,0.41110844498597254
0.0142,0.0142,1.9914376569016117,2.5340735701268855,0.2512870194251687
0.0142,0.0142,3.452432637206865,1.7215217662355855,1.51474069634304
0.0142,0.0142,0.5114805545574854,1.4164173634960329,4.452333781047139
0.0142,0.0142,19.098093982394413,4.03514128338777,0.026805575955207862
0.0142,0.0142,2.844770448297249,2.9421519134462693,1.0546366161182217
0.0142,0.0142,13.324822219401383,7.78269911678624,4.125171243257973
0.0142,0.0142,1.92091040288701,4.119948455477833,1.1103468398177305
0.0142,0.0142,0.9063224981394933,6.391647847694645,2.4515928913548724
0.0142,0.0142,2.2496908055467237,2.8598276950086285,0.19424647449255453
0.0142,0.0142,74.79401249949098,3.554153946137171,0.3629027239340055
0.0142,0.0142,4.379306614456583,4.825726727850173,0.0802877295488534
0.0142,0.0142,1.307653900578967,9.108539251123002,0.04818392253928221
0.0142,0.0142,4.188647858770559,13.012554325700933,3.275500371183008
0.0142,0.0142,0.9480190161207793,3.6355402988706462,1.236411729810085
0.0142,0.0142,0.5130069395123802,21.9612137967796,3.880537835793298
0.0142,0.0142,14.01464565580138,16.98087895939144,0.024414713431605433
0.0142,0.0142,1.0701898449351062,3.728324633223394,2.4350093716132335
0.0142,0.0142,34.70279444207575,1.169515084484369,0.4133794230549575
0.0142,0.0142,0.7701553362590455,5.907399310211125,2.0537204280059553
0.0142,0.0142,3.115229424704849,15.942574602169087,1.2766431532301363
0.0142,0.0142,0.8015569776706551,6.059754459145734,0.6388117244076993
0.0142,0.0142,59.66680729087926,17.124447173501693,0.026140253590646187
0.0142,0.0142,48.89018673820187,9.537192824587102,8.263320737142376
0.0142,0.0142,0.7431889981243597,4.753546863264238,0.5649871590911363
0.0142,0.0142,5.088260437861933,6.759642292799777,0.03278827032064847
0.0142,0.0142,58.416852618685596,29.21749537434364,0.05082987265994789
0.0142,0.0142,21.613476446827484,6.6288310855523225,0.05946712988548966
0.0142,0.0142,1.619180951162113,3.5247767847201086,0.6187245762883585
0.0142,0.0142,18.60861440314567,5.675528891092257,1.5630728419053048
0.0142,0.0142,42.92593419628657,1.1119927701380363,0.1328520499617621
0.0142,0.0142,1.811932218060555,11.944672638609772,2.2018661174554364
0.0142,0.0142,3.2645547366263705,4.034700701118308,13.882848261285291
0.0142,0.0142,0.7802798797978117,1.6478573520868194,0.2515822818267027
0.0142,0.0142,2.2265225578815473,17.703414206099445,0.020941187869538358
0.0142,0.0142,32.44266999294079,8.427266998828761,0.04573266322484386
0.0142,0.0142,2.676671943902158,22.66206068126571,0.12560464952803094
0.0142,0.0142,28.639225514237022,22.273382810875862,3.432825991779399
0.0142,0.0142,0.9202900239785133,21.414927777770185,1.0309818602425653
0.0142,0.0142,5.274287625375756,3.147971772895065,0.12280015474799226
0.0142,0.0142,4.572864736856335,2.276864004823568,15.524583718469149
0.0142,0.0142,1.0867304355187224,1.5772476283228796,0.1209656885453666
0.0142,0.0142,16.660433320579042,27.941295894695987,0.045249226506481464
0.0142,0.0142,14.059156858310493,6.915114141269998,0.24420617386098947
0.0142,0.0142,63.29263545639058,3.642665549899713,0.4700391311647924
0.0142,0.0142,2.843538780533931,2.647811801482724,0.0745744517431056
0.0142,0.0142,7.312560914911188,7.738733213418433,0.12315784710626633
0.0142,0.0142,1.0308893703149795,26.016035913530033,0.07066319208460706
0.0142,0.0142,55.61010554383266,2.266887999244109,11.436881883285391
0.0142,0.0142,0.7328188646037876,4.148101432198035,1.3013464698859134
0.0142,0.0142,1.1767055656297671,15.408359672018104,0.291309038310637
0.0142,0.0142,24.830516529533316,1.0158004933092701,0.054775427331563535
0.0142,0.0142,36.56208292121168,1.671871735596583,13.628511036491355
0.0142,0.0142,1.0483018548073963,1.9188102479865037,4.483983795147347
0.0142,0.0142,13.374389665401214,4.470910087000637,0.04839837236528557
0.0142,0.0142,0.7344281311731785,8.002448805652731,0.3775517164988448
0.0142,0.0142,1.1763745774785779,9.202400822875024,2.0666167493046754
0.0142,0.0142,22.410914241116043,5.942448174298242,1.1331546724301242
0.0142,0.0142,1.6917515954074762,1.4123440302431263,0.0417163921292287
0.0142,0.0142,79.28047789019438,4.480102522275843,0.358059653880905
0.0142,0.0142,0.6604856448324032,7.18973778236281,0.08413325246823136
0.0142,0.0142,0.7046249443344491,1.6996322340679488,0.15619493389547676
0.0142,0.0142,0.6677109868221236,2.6023454334446945,15.332660434915999
0.0142,0.0142,0.706802452054407,12.701047563447698,0.6329404805834704
0.0142,0.0142,0.9083017380821108,1.3682455063989543,0.47553063226764486
0.0142,0.0142,43.9359218024546,12.934920132560592,0.7585746120396956
0.0142,0.0142,1.1645506466225246,15.340495877214854,0.09737661763734229
0.0142,0.0142,38.07432643185991,5.289751395468185,18.708555058553863
0.0142,0.0142,6.480012880155804,20.873680275321,11.73535037234465
0.0142,0.0142,22.192704928650336,15.830652346432725,0.128644327118562
0.0142,0.0142,15.62151202887942,11.492097800403423,4.550010665644698
0.0142,0.0142,7.513605386472387,6.084433326058455,2.728932026191988
0.0142,0.0142,2.3744128809010348,13.167231931321806,0.29571156516069774
0.0142,0.0142,0.7452392945187662,24.05831614308363,1.5522304187393863
0.0142,0.0142,22.96747190434708,20.850033141941655,0.18531522165393327
0.0142,0.0142,1.3149893217924202,9.09639815764999,0.9761554853811556
0.0142,0.0142,7.212396627404664,1.1741042611608616,1.4015977103169512
0.0142,0.0142,2.9569158783539446,22.13181971177812,0.041065191887242704
0.0142,0.0142,10.760929332644036,9.881129158403777,5.068551018567328
0.0142,0.0142,1.1879913939347508,1.8077592223983985,0.23689205796806692
0.0142,0.0142,41.57618477529617,10.27318804749065,0.03898668248855329
0.0142,0.0142,50.49730328677067,1.967813211506659,7.5593506483055695
0.0142,0.0142,73.15637523836806,9.863883522837599,12.695788898850692
0.0142,0.0142,12.967332958327376,24.471540313131534,0.6864228847399847
0.0142,0.0142,19.76167337236798,17.87680523262511,2.4054221098531245
0.0142,0.0142,2.434509467053108,1.4908010142053554,2.230806574155708
0.0142,0.0142,47.61412069081935,3.921024842548102,0.13443926554846442
0.0142,0.0142,0.6920362520468007,5.809738312139577,7.8816422615081
0.0142,0.0142,29.133000163331953,26.28245632267495,0.4268918748279181
0.0142,0.0142,47.576221023204496,15.734414906808786,0.048459846559388224
0.0142,0.0142,15.807285125385159,1.3478740456016503,0.020794551115552132
0.0142,0.0142,69.16447662307651,18.229784781157743,0.7623294895632788
0.0142,0.0142,4.43399146523908,3.954452161550667,0.054797267035285015
0.0142,0.0142,5.01482412884463,1.0752181669583556,0.07066945573776832
0.0142,0.0142,2.9757566420450843,16.766556552508366,0.48611265451101227
0.0142,0.0142,13.806689153646355,11.981908620959205,0.032147455225826814
0.0142,0.0142,1.1071267927732371,1.00422451623941,0.07757649361493615
0.0142,0.0142,1.3563806856257037,1.6534223214520503,1.8412659357997647
0.0142,0.0142,5.556605461256481,27.132937201166467,0.2035614559413359
0.0142,0.0142,31.81426588856918,1.2026771266424787,0.7403378337903136
0.0142,0.0142,14.022064991952547,4.491001857870637,1.0758782855208144
0.0142,0.0142,23.27340099858875,24.50017957784421,0.29019153635183886
0.0142,0.0142,18.31037911046426,11.974847250988473,0.05969607870544755
0.0142,0.0142,1.7581368011321554,23.451946031174543,0.026545632647835847
0.0142,0.0142,44.78478637872109,4.748330517345204,1.52946213414238
0.0142,0.0142,8.608198429152642,11.81618419898463,0.029410071781008646
0.0142,0.0142,1.6082586212998116,4.265095577270926,0.13406616104574498
0.0142,0.0142,3.171427505501041,1.6508974491424424,0.48503335929175223
0.0142,0.0142,59.077632986328396,1.0983492060093887,18.10492633441301
0.0142,0.0142,8.771708448789264,7.144395193763017,5.707564047644452
0.0142,0.0142,1.1688101006179168,4.585485817142301,1.061624348582758
0.0142,0.0142,22.704455079242948,12.881542784541923,0.11569255288196716
0.0142,0.0142,41.165465603640236,12.538266194255685,4.573288852305732
0.0142,0.0142,74.25787428655741,20.411292765363527,1.3851549530453104
0.0142,0.0142,1.7122233371616211,6.9163104091207055,0.44628784797716986
0.0142,0.0142,0.7936514831124033,14.278217187334711,0.6798339597198971
0.0142,0.0142,9.674162073602973,3.4480556899578314,8.805603821875431
0.0142,0.0142,36.838010587417415,1.0488515703742194,0.10739830340507854
0.0142,0.0142,1.61374465044135,2.235273852506488,0.026681816572611934
0.0142,0.0142,15.435322889844528,1.2403010879610903,16.24985204731653
0.0142,0.0142,41.405811271211626,3.065440901679648,0.02054155873072977
0.0142,0.0142,18.284448898225012,25.181843301717322,0.055736208038691726
0.0142,0.0142,3.5224542408180564,1.1057386328775134,14.974733921500686
0.0142,0.0142,76.94023412522439,15.010970307907423,1.245776677643066
0.0142,0.0142,35.692333094059336,2.8275925256124355,9.064992236482432
0.0142,0.0142,29.50064942198607,11.351830733315364,3.1004883109187737
0.0142,0.0142,19.806856130353992,1.7375940606042313,10.018140668135953
0.0142,0.0142,0.880297197934412,7.7263503420186925,0.08427701650624557
0.0142,0.0142,74.47955392258925,2.2902412014401965,0.08524713598629964
0.0142,0.0142,1.2032621041015668,8.845586067920683,0.7060908479846224
0.0142,0.0142,5.135151670168373,3.0334700029120634,5.18256367065267
0.0142,0.0142,10.538005507038097,3.5858633370990027,0.17827180441329837
0.0142,0.0142,3.8874380201964853,7.080784696251245,2.743425580316644
0.0142,0.0142,1.1185089832800232,9.812260989190879,0.30652153522598763
0.0142,0.0142,2.3854768190327373,15.221451003840365,7.165045798820905
0.0142,0.0142,3.048113992736281,2.6829934030596263,0.023614416877327234
0.0142,0.0142,0.6841737878117459,3.0181921520848403,0.19934572357942415
0.0142,0.0142,8.391181639858138,5.407912968981753,4.42062501590269
0.0142,0.0142,1.0060133523025232,18.92045479350511,9.492940909363911
0.0142,0.0142,43.399372571991506,17.09578211333736,0.03832187101032185
0.0142,0.0142,1.1123939949237982,9.990823636964608,0.7273172101190363
0.0142,0.0142,6.210161618360861,18.261236076718635,0.03324979926132501
0.0142,0.0142,54.75004534939443,2.925058711754744,1.9529393858050597
0.0142,0.0142,0.5349101252504046,2.4402342091874805,0.026157865685755167
0.0142,0.0142,5.0469830640162705,13.352122511918115,9.591565565575769
0.0142,0.0142,5.363174132206153,1.5217063164853342,0.6239008873859417
0.0142,0.0142,1.0926895790387694,14.726197502881968,0.39564998728265804
0.0142,0.0142,9.729205210656792,9.347901710806411,8.727817330514013
0.0142,0.0142,22.354168992614195,12.671614920895301,0.08477312253879508
0.0142,0.0142,27.96428864336185,5.718246111330651,18.669841547983047
0.0142,0.0142,3.2052756312782864,22.0376384884566,0.16429034595613237
0.0142,0.0142,3.8310139075730403,28.958260816950737,0.20907285230370895
0.0142,0.0142,1.2007315694671763,7.307113125385707,3.612378309046904
0.0142,0.0142,0.7187801731938399,2.359347732965772,6.108867509874549
0.0142,0.0142,41.01480589793805,4.301674638351605,0.03512955088800586
0.0142,0.0142,1.1049128951033245,18.471380334733052,0.5505274270649951
0.0142,0.0142,2.302734001711224,1.0866624535790876,1.3911312187884877
0.0142,0.0142,8.170486126385892,18.357741172538315,0.4882040261572981
0.0142,0.0142,42.77072114022888,2.5570544865415608,2.8255221563563264
0.0142,0.0142,42.251875802782486,3.3207829248808816,0.051517285296279434
0.0142,0.0142,3.003815341421691,1.8054539575429167,0.0719532958138117
0.0142,0.0142,39.50090406845666,1.1581140110862371,5.135687485084493
0.0142,0.0142,3.9816347968974717,14.6870305514565,0.06826826669995228
0.0142,0.0142,13.222855403108229,8.515981517434842,0.027944768616913227
0.0142,0.0142,11.517506882418168,13.919147678703991,1.9125300815704311
0.0142,0.0142,14.89181079847242,1.492286630581185,1.204793901865943
0.0142,0.0142,9.216970847101829,15.434209184744352,0.07381002304958002
0.0142,0.0142,5.9187847277981565,3.362283246963833,6.102686064839495
0.0142,0.0142,0.8550404365671528,4.106572323035845,0.05003994985395015
0.0142,0.0142,25.077303011481984,18.2552368225217,0.11313990135798557
0.0142,0.0142,3.081218622488432,1.065655692683054,7.976530281868592
0.0142,0.0142,22.02123142116511,1.565517420614035,3.8988871256403668
0.0142,0.0142,1.352452035147285,6.173399450394781,0.10923107785219804
0.0142,0.0142,38.789726163960786,19.24575685707425,1.1425677833833663
0.0142,0.0142,45.71464212860072,11.181029676882375,7.7697301417204505
0.0142,0.0142,4.733951114064707,8.238374869060493,3.5418244102182546
0.0142,0.0142,21.6228250975448,12.134281412925999,1.2979888737325946
0.0142,0.0142,5.289214360567231,8.688341265300433,0.6486618473291084
0.0142,0.0142,3.9626437703287514,1.2435813670445635,0.8030054981823341
0.0142,0.0142,25.31406889995121,5.133876498162164,0.08455100428145093
0.0142,0.0142,73.26402077681837,7.042978229328416,0.10022869854565537
0.0142,0.0142,0.7117710662730309,16.942754895293813,3.6975320920033363
0.0142,0.0142,3.884062308411711,4.692030796978791,0.06144580036692116
0.0142,0.0142,2.5659049650970007,17.612639001689423,0.4891819583271697
0.0142,0.0142,38.669931219837785,9.69112535924786,0.026136078510454845
0.0142,0.0142,4.7148659453256,1.5314623137412626,0.03918032572204753
0.0142,0.0142,0.7639839947244581,12.649441147542401,0.1566816464065052
0.0142,0.0142,78.67246485750786,3.315653036943335,3.9245219860753426
0.0142,0.0142,0.6825341349199395,10.551709259689144,0.22265753778678724
0.0142,0.0142,4.349189962093322,1.416323565673538,0.5556078668895615
0.0142,0.0142,41.40581259195113,1.1719152770601677,0.022663339493068202
0.0142,0.0142,33.6848989146783,2.8633253421313767,0.05579421257469649
0.0142,0.0142,23.73134110422403,9.337512697565975,0.06772101858442506
0.0142,0.0142,1.2176735522199629,2.153909278101102,1.9304358208303949
0.0142,0.0142,1.9739456901022336,23.460995236770668,0.3225665087140486
0.0142,0.0142,3.0964193311121533,12.16993762365824,5.791047128229684
0.0142,0.0142,0.8503055370212678,17.29272782815675,0.6570035102387329
0.0142,0.0142,2.469426117481419,9.402018848687776,0.8174807325512591
0.0142,0.0142,1.2774527930245754,9.965298525147485,0.035673616520272414
0.0142,0.0142,79.40334119925483,4.685317568406943,0.9753127093695905
0.0142,0.0142,17.160719250867498,19.61288394874537,1.777838006158727
0.0142,0.0142,1.4144990745890924,5.952376519135071,3.6335486140705298
0.0142,0.0142,69.8720779943553,1.2641724989980967,0.14090677122084094
0.0142,0.0142,8.729174350523989,15.776897240533307,0.37479840714793217
0.0142,0.0142,34.18248893259363,3.068615047434421,2.1969690763418237
0.0142,0.0142,9.62615889177164,9.197435644273964,6.095591130791198
0.0142,0.0142,37.95369718639104,3.391949121397297,8.16798552712325
0.0142,0.0142,1.0194311135553307,1.3490276065854871,0.20671782880471282
0.0142,0.0142,1.2458152519802677,1.3219465454014618,0.3758079231785641
0.0142,0.0142,21.064181484934565,1.0965103738712558,0.20648351009983468
0.0142,0.0142,1.02982353910456,1.9428752921680414,11.190557402112416
0.0142,0.0142,33.0467322507321,8.380132152862751,0.1281874479433195
0.0142,0.0142,4.048274036705829,19.417214828131158,1.0449420318003175
0.0142,0.0142,15.452646257912624,5.5888669510400755,1.1519435106556122
0.0142,0.0142,25.867006938597058,6.51264118676224,0.549657705055552
0.0142,0.0142,14.331393180005577,6.710240424361019,1.400527748949856
0.0142,0.0142,2.959277541338381,3.6353033208106877,15.52915544743911
0.0142,0.0142,1.3414204478966318,1.5375731978764815,2.075273130170151
0.0142,0.0142,0.7080442328492477,2.067452100363332,1.1043558312086237
0.0142,0.0142,14.389237102684197,11.518643618335341,3.1068789851346414
0.0142,0.0142,41.66443235391198,13.337641863403858,0.2364666167876539
0.0142,0.0142,55.559144564326914,14.04309004785225,9.163747228747003
0.0142,0.0142,2.1114170242678725,23.47507024595944,0.5845201814486571
0.0142,0.0142,1.778180441064339,1.0335693568804425,0.02443891824011778
0.0142,0.0142,57.24002717332494,1.8098141990770946,3.714590529892249
0.0142,0.0142,51.49040313577358,1.6827679305382057,0.026867961382700988
0.0142,0.0142,4.2467548800200525,3.8540525640164294,0.1385728304521042
0.0142,0.0142,1.2048890260044125,5.564969255256882,6.375918452777153
0.0142,0.0142,43.50631795505495,2.737540505382081,3.1216406348640757
0.0142,0.0142,1.1479074270751286,2.612724932566151,0.6859413898719204
0.0142,0.0142,6.452160639095337,7.3105874346947575,0.5619515657519096
0.0142,0.0142,5.2513908843189405,1.8959670161588875,0.9809526901930787
0.0142,0.0142,14.634521874123102,8.499494158218852,0.10996856255982351
0.0142,0.0142,0.7568324604001949,10.77174770830614,1.0258164828199543
0.0142,0.0142,1.5781661594746486,9.831437029897762,0.024118785261585944
0.0142,0.0142,0.9840699475997423,8.596369626066382,0.10657844663685156
0.0142,0.0142,13.087161230200401,1.4591018285090143,4.989057775662465
0.0142,0.0142,3.7453353386854835,1.4503272050843565,6.986755333244855
0.0142,0.0142,11.044144770964845,1.3227309065826462,15.243454135052694
0.0142,0.0142,7.539045857301791,2.769026708024248,0.45093374623513677
0.0142,0.0142,1.4248880875757695,5.573728743305175,0.17316050517051437
0.0142,0.0142,68.07811328406532,15.81200692370862,14.523246228576733
0.0142,0.0142,0.6871621545822358,6.832013680909141,8.737729085597476
0.0142,0.0142,37.39042487432767,1.08106970304112,0.24437182661666315
0.0142,0.0142,12.061531243787595,4.072776445973664,0.453614659492047
0.0142,0.0142,49.07005470014836,7.253522749045955,0.11726929106485862
0.0142,0.0142,47.339416317067126,4.035295511053123,0.24662735800419958
0.0142,0.0142,4.07272532548177,1.186588788733383,0.4165522996759286
0.0142,0.0142,12.342002823518806,5.734947411558442,0.06962720908735809
0.0142,0.0142,2.693974160513594,1.0292716726809303,5.671611822610859
0.0142,0.0142,9.047063076861182,11.268686861759857,0.027746955203240078
0.0142,0.0142,19.387107672000397,14.81164376804314,0.10847548403486516
0.0142,0.0142,11.366875221357454,6.171201000132651,0.052261861924696534
0.0142,0.0142,7.012129127210421,5.713170499106352,0.038649682197969756
0.0142,0.0142,3.2365309662779516,2.1579841679294005,0.18697162053443642
0.0142,0.0142,19.199412869405258,9.535869887138048,3.2692607491370897
0.0142,0.0142,5.842368160852389,11.367669170578381,0.029505164516882388
0.0142,0.0142,39.100908901721034,14.695904244971615,0.42388181062018615
0.0142,0.0142,4.516324247005796,21.73488286275325,1.7819312513190189
0.0142,0.0142,3.588994643526715,25.72650153497565,0.041877911299039665
0.0142,0.0142,34.72966535872702,1.284736482120372,0.026466096662891007
0.0142,0.0142,24.220061725098812,22.985797540674145,0.14132235579275002
0.0142,0.0142,48.133478874847484,11.127857834955606,0.0330481211972889
0.0142,0.0142,0.9685233601926081,19.49152926150889,1.0198921946002724
0.0142,0.0142,0.6918099138999283,2.4530000967532866,0.1169507989879324
0.0142,0.0142,44.99966562272068,12.831785485744714,0.038020884733683175
0.0142,0.0142,2.837640450853543,3.137048773442167,0.02932084756759148
0.0142,0.0142,48.27102334924627,2.293797052180669,0.1117441066643173
0.0142,0.0142,1.3920023666451946,20.517246262157222,6.730341476016925
0.0142,0.0142,5.97245300421091,2.468926720413633,0.042198376959707164
0.0142,0.0142,1.1694435812411197,2.7158705619560553,0.6526946086606756
0.0142,0.0142,50.0644381327976,22.054915652940334,0.22926284026497487
0.0142,0.0142,1.1317722578787512,1.5248549170420216,2.7041465538790326
0.0142,0.0142,59.321691403144406,25.372253307953333,0.033960287363378173
0.0142,0.0142,21.5854330333949,2.145887899073764,6.182510964560293
0.0142,0.0142,2.7843960201052984,1.1379865429672809,0.660953228693895
0.0142,0.0142,6.321522906831483,2.328258346842122,0.07043689688190014
0.0142,0.0142,8.567285577442778,4.061530206231546,12.823201686770643
0.0142,0.0142,1.7279297799469657,2.188782884132342,0.18914161106249586
0.0142,0.0142,0.6634721168344568,3.1707153425892125,0.03814405436224758
0.0142,0.0142,2.2546265945895643,9.30747787541393,0.10302733823095651
0.0142,0.0142,50.62360852195927,4.758603470072179,1.7808459220817663
0.0142,0.0142,0.8583872460981304,14.351412965451312,8.560222807589419
0.0142,0.0142,24.309875043468157,10.285176502774197,19.957249333748425
0.0142,0.0142,21.86533148167514,16.120727519518077,0.16787517865814824
0.0142,0.0142,0.562772207317591,1.5873002299313261,11.37594680211067
0.0142,0.0142,6.759266941014853,10.369768599356048,0.0483903147029075
0.0142,0.0142,22.396078937821148,1.589675515034112,3.2679803722842493
0.0142,0.0142,0.8168225308924408,12.411657153945727,2.0715045009393256
0.0142,0.0142,1.0617850155974773,11.815976466056451,0.13814650888230431
0.0142,0.0142,7.155643571424943,6.120006328365775,0.19444504855626346
0.0142,0.0142,0.5091137232773026,12.082955470617659,0.06200792717451304
0.0142,0.0142,1.8223321128895116,3.7022553323409677,0.03449647925814789
0.0142,0.0142,27.579544973804513,4.914045197121512,2.858839178338913
0.0142,0.0142,60.33263728309301,9.114381215958884,0.17767107459221967
0.0142,0.0142,2.1676819987221534,5.962232617851572,1.1629068780271494
0.0142,0.0142,0.6032410043296763,29.699364822806274,0.5067447440539142
0.0142,0.0142,9.166195853599493,1.6671386041796352,0.7607006970122717
0.0142,0.0142,2.6041168515913173,24.292025743341622,0.5669688909379274
0.0142,0.0142,4.472425967194093,3.2059700757162912,0.16631702220533195
0.0142,0.0142,1.2979848498663262,1.4807295080111138,10.589326613219574
0.0142,0.0142,20.962360030956262,8.528719150185431,0.22364678504114574
0.0142,0.0142,4.31641944645973,1.6851294864130872,0.06205561516372065
0.0142,0.0142,1.2183090525209623,8.179745591393148,0.0987987046429668
0.0142,0.0142,56.2290484359737,5.259382676889393,0.1699885469177638
0.0142,0.0142,4.758936624229561,9.438191970573167,12.330474872755975
0.0142,0.0142,41.860121312598245,21.707071325922083,0.12371210379661791
0.0142,0.0142,1.3527743050772267,15.405179454724065,0.9656554729122723
0.0142,0.0142,1.2489234109342437,15.57359360502118,0.08560111309841545
0.0142,0.0142,0.6545020768480521,6.4611367208083506,1.4606198547414253
0.0142,0.0142,14.651547170869856,15.036355451677665,9.722051234823018
0.0142,0.0142,41.66917234317763,1.1854507146160156,0.05669584329084928
0.0142,0.0142,2.5796419357290015,8.320109260372442,0.3418221373336562
0.0142,0.0142,10.976901872344115,5.570872798350622,0.6007632104228134
0.0142,0.0142,4.35980735159924,13.977746076342688,0.054572382376726736
0.0142,0.0142,0.9952295199098568,1.0684764573014272,0.030967092777398626
0.0142,0.0142,6.14186129759611,9.722014614869373,5.958432465979123
0.0142,0.0142,4.349555581821381,14.71507802330225,0.11763952873135075
0.0142,0.0142,0.8064540871846443,5.2166673111329676,0.8358410866578092
0.0142,0.0142,3.1313410416847236,5.438069065957587,0.04469565566208676
0.0142,0.0142,59.02076366943446,29.741961557224,0.07537036560858713
0.0142,0.0142,13.433497550288331,4.9960780644880725,2.0357014245353886
0.0142,0.0142,5.82436676418181,8.726265325237526,10.283625368496159
0.0142,0.0142,3.1293953545432434,3.0489961709414453,7.934807245069029
0.0142,0.0142,44.773060501648345,5.734080157173149,13.43559728814235
0.0142,0.0142,44.17583990660408,16.173709897131303,0.2135388085736041
0.0142,0.0142,2.213417045313089,1.6322941527273702,0.02575935971298434
0.0142,0.0142,73.53793137993995,1.8153506384142144,17.71797531947726
0.0142,0.0142,52.5469281560442,9.171781293174805,16.675248271278463
0.0142,0.0142,1.9893942343237032,11.945024992345328,1.3574378780850973
0.0142,0.0142,79.22366913548193,5.56133793608738,0.16076410458764306
0.0142,0.0142,8.970476809982697,2.9574549393025324,0.1654431411543368
0.0142,0.0142,4.562845757068326,7.772227983268658,0.058085653768444136
0.0142,0.0142,15.534089670695959,1.12092509397223,1.0473827695969702
0.0142,0.0142,22.49680717725818,4.742995489148996,0.842900573262029
0.0142,0.0142,12.149162637263963,3.459370198129354,0.026742907026248864
0.0142,0.0142,51.74864373256861,10.102345272056228,2.4312821347265534
0.0142,0.0142,42.25912483582167,1.5322414462035066,0.026342723504678825
0.0142,0.0142,31.24808471603895,1.4365865062843344,0.22664463180952968
0.0142,0.0142,1.159723582102819,23.450625574158227,0.04522412833536857
0.0142,0.0142,17.998362613073194,10.085952094073335,0.21273394584905914
0.0142,0.0142,1.7465781247675736,9.806447160965481,1.0544887699510328
0.0142,0.0142,0.6094437271727972,2.004021387458135,0.3293013375922979
0.0142,0.0142,7.495750187020119,9.505457932919967,0.9750574210756907
0.0142,0.0142,4.639962209957746,14.77805123981913,0.17382196809781802
0.0142,0.0142,12.906004126089652,2.2857870773342723,0.464267611854178
0.0142,0.0142,1.722907571687302,1.170826914119674,1.4529721029688631
0.0142,0.0142,1.9650131640410333,1.121213864503765,1.651918422998943
0.0142,0.0142,14.273142544834839,3.621095338796882,0.7949120419428563
0.0142,0.0142,23.11143995434757,1.350883944361991,4.798595288155641
0.0142,0.0142,2.3501020894815,5.655627178276889,0.37332666359123856
0.0142,0.0142,1.1256420945425194,13.911310437704351,0.22538916634750375
0.0142,0.0142,2.302238669765602,3.7905601659351933,3.6496045022302432
0.0142,0.0142,13.596135583904351,1.7077307402507385,0.1252335430369692
0.0142,0.0142,9.47317416286982,3.5545382183325933,1.144959714812517
0.0142,0.0142,0.5286428771320076,2.9865064222257947,0.5777209906580906
0.0142,0.0142,6.311654314616584,1.0040123317409297,0.14585943123151396
0.0142,0.0142,18.810241759854865,4.329102177045309,3.13625304025857
0.0142,0.0142,0.8156087627549546,25.194668414689772,0.5167376763684735
0.0142,0.0142,35.32195802975169,19.875012258081647,1.5041824052409387
0.0142,0.0142,14.558020555129561,8.946916948067164,0.27053965872389996
0.0142,0.0142,1.9489897004441468,14.696976142736455,9.624504227804426
0.0142,0.0142,35.8186341680933,10.686345689250302,0.1172779160762693
0.0142,0.0142,0.7599848778838414,2.840746043291119,0.06553825257628061
0.0142,0.0142,67.05521463000372,12.114786802539587,0.03663921055074881
0.0142,0.0142,23.764878238228313,14.816761206711607,0.12976695482480372
0.0142,0.0142,27.52359011223858,1.9397328646139438,3.261407017494175
0.0142,0.0142,1.9870520513015224,15.283489000082646,7.606989639219864
0.0142,0.0142,3.098321082208992,20.639869672525222,8.324074431820863
0.0142,0.0142,0.6548442002251236,22.890913972143416,0.8691080682804819
0.0142,0.0142,10.82666477872473,5.973831019902461,0.20946207284079882
0.0142,0.0142,12.55929348857409,1.617226942713885,0.8420158281300489
0.0142,0.0142,2.1659993649263205,10.5894012631228,0.09644546083340212
0.0142,0.0142,58.23564342171722,11.853172434945657,0.3651210146514509
0.0142,0.0142,3.6766880264823847,6.355611029979216,0.6760924781044447
0.0142,0.0142,3.082205905046576,2.776031428919589,2.7846212435105833
0.0142,0.0142,0.6375978851769799,18.94514993911423,7.747222904179903
0.0142,0.0142,1.094669330680205,14.460631527655714,0.06830963017188338
0.0142,0.0142,3.0262418150517987,2.1556828900822884,0.9174652278008414
0.0142,0.0142,0.6433944275310314,4.21605624269758,0.37164710640079296
0.0142,0.0142,31.225797134906696,1.375149816924702,2.1617704291031683
0.0142,0.0142,1.0009329991294407,1.09827991533271,13.038817739533968
0.0142,0.0142,4.458785599774747,1.358899071689305,1.3984186558628682
0.0142,0.0142,1.5273012690062082,1.745909920915851,1.6911888610115169
0.0142,0.0142,33.098556875330694,1.5615464710486373,0.11403282500417457
0.0142,0.0142,7.8273858871271225,28.08142822923744,1.1059202528492513
0.0142,0.0142,1.415751037878382,9.756554782160922,0.0602959842667313
0.0142,0.0142,2.010241323019227,20.34151555266498,0.243616670386837
0.0142,0.0142,0.9302492496261938,2.624571652022034,8.200924532233879
