m1,m2,initial_period_in_days
0.5,7.164328042739126,0.020000000000000004
0.5,7.164328042739126,0.025379220063358444
0.5,7.164328042739126,0.03220524055121879
0.5,7.164328042739126,0.04086719435713884
0.5,7.164328042739126,0.051858875948093346
0.5,7.164328042739126,0.06580689124625336
0.5,7.164328042739126,0.08350637873120802
0.5,7.164328042739126,0.10596633812567419
0.5,7.164328042739126,0.13446715072998675
0.5,7.164328042739126,0.17063357048345618
0.5,7.164328042739126,0.21652734677481095
0.5,7.164328042739126,0.27476475917665266
0.5,7.164328042739126,0.3486657644399977
0.5,7.164328042739126,0.44244325821408986
0.5,7.164328042739126,0.5614432407882355
0.5,7.164328042739126,0.7124495780524885
0.5,7.164328042739126,0.9040707312720487
0.5,7.164328042739126,1.1472305020897358
0.5,7.164328042739126,1.4557907687966303
0.5,7.164328042739126,1.8473417143747723
0.5,7.164328042739126,2.3442045950669614
0.5,7.164328042739126,2.974704214587024
0.5,7.164328042739126,3.7747836442701956
0.5,7.164328042739126,4.790053239974973
0.5,7.164328042739126,6.078390764626397
0.5,7.164328042739126,7.713240842326946
0.5,7.164328042739126,9.787801836954989
0.5,7.164328042739126,12.420338837831235
0.5,7.164328042739126,15.760925631339827
0.5,7.164328042739126,20.000000000000004
0.5694897362582532,7.164328042739126,0.020000000000000004
0.5694897362582532,7.164328042739126,0.025379220063358444
0.5694897362582532,7.164328042739126,0.03220524055121879
0.5694897362582532,7.164328042739126,0.04086719435713884
0.5694897362582532,7.164328042739126,0.051858875948093346
0.5694897362582532,7.164328042739126,0.06580689124625336
0.5694897362582532,7.164328042739126,0.08350637873120802
0.5694897362582532,7.164328042739126,0.10596633812567419
0.5694897362582532,7.164328042739126,0.13446715072998675
0.5694897362582532,7.164328042739126,0.17063357048345618
0.5694897362582532,7.164328042739126,0.21652734677481095
0.5694897362582532,7.164328042739126,0.27476475917665266
0.5694897362582532,7.164328042739126,0.3486657644399977
0.5694897362582532,7.164328042739126,0.44244325821408986
0.5694897362582532,7.164328042739126,0.5614432407882355
0.5694897362582532,7.164328042739126,0.7124495780524885
0.5694897362582532,7.164328042739126,0.9040707312720487
0.5694897362582532,7.164328042739126,1.1472305020897358
0.5694897362582532,7.164328042739126,1.4557907687966303
0.5694897362582532,7.164328042739126,1.8473417143747723
0.5694897362582532,7.164328042739126,2.3442045950669614
0.5694897362582532,7.164328042739126,2.974704214587024
0.5694897362582532,7.164328042739126,3.7747836442701956
0.5694897362582532,7.164328042739126,4.790053239974973
0.5694897362582532,7.164328042739126,6.078390764626397
0.5694897362582532,7.164328042739126,7.713240842326946
0.5694897362582532,7.164328042739126,9.787801836954989
0.5694897362582532,7.164328042739126,12.420338837831235
0.5694897362582532,7.164328042739126,15.760925631339827
0.5694897362582532,7.164328042739126,20.000000000000004
0.6486371194069895,7.164328042739126,0.020000000000000004
0.6486371194069895,7.164328042739126,0.025379220063358444
0.6486371194069895,7.164328042739126,0.03220524055121879
0.6486371194069895,7.164328042739126,0.04086719435713884
0.6486371194069895,7.164328042739126,0.051858875948093346
0.6486371194069895,7.164328042739126,0.06580689124625336
0.6486371194069895,7.164328042739126,0.08350637873120802
0.6486371194069895,7.164328042739126,0.10596633812567419
0.6486371194069895,7.164328042739126,0.13446715072998675
0.6486371194069895,7.164328042739126,0.17063357048345618
0.6486371194069895,7.164328042739126,0.21652734677481095
0.6486371194069895,7.164328042739126,0.27476475917665266
0.6486371194069895,7.164328042739126,0.3486657644399977
0.6486371194069895,7.164328042739126,0.44244325821408986
0.6486371194069895,7.164328042739126,0.5614432407882355
0.6486371194069895,7.164328042739126,0.7124495780524885
0.6486371194069895,7.164328042739126,0.9040707312720487
0.6486371194069895,7.164328042739126,1.1472305020897358
0.6486371194069895,7.164328042739126,1.4557907687966303
0.6486371194069895,7.164328042739126,1.8473417143747723
0.6486371194069895,7.164328042739126,2.3442045950669614
0.6486371194069895,7.164328042739126,2.974704214587024
0.6486371194069895,7.164328042739126,3.7747836442701956
0.6486371194069895,7.164328042739126,4.790053239974973
0.6486371194069895,7.164328042739126,6.078390764626397
0.6486371194069895,7.164328042739126,7.713240842326946
0.6486371194069895,7.164328042739126,9.787801836954989
0.6486371194069895,7.164328042739126,12.420338837831235
0.6486371194069895,7.164328042739126,15.760925631339827
0.6486371194069895,7.164328042739126,20.000000000000004
0.7387843641167992,7.164328042739126,0.020000000000000004
0.7387843641167992,7.164328042739126,0.025379220063358444
0.7387843641167992,7.164328042739126,0.03220524055121879
0.7387843641167992,7.164328042739126,0.04086719435713884
0.7387843641167992,7.164328042739126,0.051858875948093346
0.7387843641167992,7.164328042739126,0.06580689124625336
0.7387843641167992,7.164328042739126,0.08350637873120802
0.7387843641167992,7.164328042739126,0.10596633812567419
0.7387843641167992,7.164328042739126,0.13446715072998675
0.7387843641167992,7.164328042739126,0.17063357048345618
0.7387843641167992,7.164328042739126,0.21652734677481095
0.7387843641167992,7.164328042739126,0.27476475917665266
0.7387843641167992,7.164328042739126,0.3486657644399977
0.7387843641167992,7.164328042739126,0.44244325821408986
0.7387843641167992,7.164328042739126,0.5614432407882355
0.7387843641167992,7.164328042739126,0.7124495780524885
0.7387843641167992,7.164328042739126,0.9040707312720487
0.7387843641167992,7.164328042739126,1.1472305020897358
0.7387843641167992,7.164328042739126,1.4557907687966303
0.7387843641167992,7.164328042739126,1.8473417143747723
0.7387843641167992,7.164328042739126,2.3442045950669614
0.7387843641167992,7.164328042739126,2.974704214587024
0.7387843641167992,7.164328042739126,3.7747836442701956
0.7387843641167992,7.164328042739126,4.790053239974973
0.7387843641167992,7.164328042739126,6.078390764626397
0.7387843641167992,7.164328042739126,7.713240842326946
0.7387843641167992,7.164328042739126,9.787801836954989
0.7387843641167992,7.164328042739126,12.420338837831235
0.7387843641167992,7.164328042739126,15.760925631339827
0.7387843641167992,7.164328042739126,20.000000000000004
0.8414602253451945,7.164328042739126,0.020000000000000004
0.8414602253451945,7.164328042739126,0.025379220063358444
0.8414602253451945,7.164328042739126,0.03220524055121879
0.8414602253451945,7.164328042739126,0.04086719435713884
0.8414602253451945,7.164328042739126,0.051858875948093346
0.8414602253451945,7.164328042739126,0.06580689124625336
0.8414602253451945,7.164328042739126,0.08350637873120802
0.8414602253451945,7.164328042739126,0.10596633812567419
0.8414602253451945,7.164328042739126,0.13446715072998675
0.8414602253451945,7.164328042739126,0.17063357048345618
0.8414602253451945,7.164328042739126,0.21652734677481095
0.8414602253451945,7.164328042739126,0.27476475917665266
0.8414602253451945,7.164328042739126,0.3486657644399977
0.8414602253451945,7.164328042739126,0.44244325821408986
0.8414602253451945,7.164328042739126,0.5614432407882355
0.8414602253451945,7.164328042739126,0.7124495780524885
0.8414602253451945,7.164328042739126,0.9040707312720487
0.8414602253451945,7.164328042739126,1.1472305020897358
0.8414602253451945,7.164328042739126,1.4557907687966303
0.8414602253451945,7.164328042739126,1.8473417143747723
0.8414602253451945,7.164328042739126,2.3442045950669614
0.8414602253451945,7.164328042739126,2.974704214587024
0.8414602253451945,7.164328042739126,3.7747836442701956
0.8414602253451945,7.164328042739126,4.790053239974973
0.8414602253451945,7.164328042739126,6.078390764626397
0.8414602253451945,7.164328042739126,7.713240842326946
0.8414602253451945,7.164328042739126,9.787801836954989
0.8414602253451945,7.164328042739126,12.420338837831235
0.8414602253451945,7.164328042739126,15.760925631339827
0.8414602253451945,7.164328042739126,20.000000000000004
0.9584059236072903,7.164328042739126,0.020000000000000004
0.9584059236072903,7.164328042739126,0.025379220063358444
0.9584059236072903,7.164328042739126,0.03220524055121879
0.9584059236072903,7.164328042739126,0.04086719435713884
0.9584059236072903,7.164328042739126,0.051858875948093346
0.9584059236072903,7.164328042739126,0.06580689124625336
0.9584059236072903,7.164328042739126,0.08350637873120802
0.9584059236072903,7.164328042739126,0.10596633812567419
0.9584059236072903,7.164328042739126,0.13446715072998675
0.9584059236072903,7.164328042739126,0.17063357048345618
0.9584059236072903,7.164328042739126,0.21652734677481095
0.9584059236072903,7.164328042739126,0.27476475917665266
0.9584059236072903,7.164328042739126,0.3486657644399977
0.9584059236072903,7.164328042739126,0.44244325821408986
0.9584059236072903,7.164328042739126,0.5614432407882355
0.9584059236072903,7.164328042739126,0.7124495780524885
0.9584059236072903,7.164328042739126,0.9040707312720487
0.9584059236072903,7.164328042739126,1.1472305020897358
0.9584059236072903,7.164328042739126,1.4557907687966303
0.9584059236072903,7.164328042739126,1.8473417143747723
0.9584059236072903,7.164328042739126,2.3442045950669614
0.9584059236072903,7.164328042739126,2.974704214587024
0.9584059236072903,7.164328042739126,3.7747836442701956
0.9584059236072903,7.164328042739126,4.790053239974973
0.9584059236072903,7.164328042739126,6.078390764626397
0.9584059236072903,7.164328042739126,7.713240842326946
0.9584059236072903,7.164328042739126,9.787801836954989
0.9584059236072903,7.164328042739126,12.420338837831235
0.9584059236072903,7.164328042739126,15.760925631339827
0.9584059236072903,7.164328042739126,20.000000000000004
1.0916046733269267,7.164328042739126,0.020000000000000004
1.0916046733269267,7.164328042739126,0.025379220063358444
1.0916046733269267,7.164328042739126,0.03220524055121879
1.0916046733269267,7.164328042739126,0.04086719435713884
1.0916046733269267,7.164328042739126,0.051858875948093346
1.0916046733269267,7.164328042739126,0.06580689124625336
1.0916046733269267,7.164328042739126,0.08350637873120802
1.0916046733269267,7.164328042739126,0.10596633812567419
1.0916046733269267,7.164328042739126,0.13446715072998675
1.0916046733269267,7.164328042739126,0.17063357048345618
1.0916046733269267,7.164328042739126,0.21652734677481095
1.0916046733269267,7.164328042739126,0.27476475917665266
1.0916046733269267,7.164328042739126,0.3486657644399977
1.0916046733269267,7.164328042739126,0.44244325821408986
1.0916046733269267,7.164328042739126,0.5614432407882355
1.0916046733269267,7.164328042739126,0.7124495780524885
1.0916046733269267,7.164328042739126,0.9040707312720487
1.0916046733269267,7.164328042739126,1.1472305020897358
1.0916046733269267,7.164328042739126,1.4557907687966303
1.0916046733269267,7.164328042739126,1.8473417143747723
1.0916046733269267,7.164328042739126,2.3442045950669614
1.0916046733269267,7.164328042739126,2.974704214587024
1.0916046733269267,7.164328042739126,3.7747836442701956
1.0916046733269267,7.164328042739126,4.790053239974973
1.0916046733269267,7.164328042739126,6.078390764626397
1.0916046733269267,7.164328042739126,7.713240842326946
1.0916046733269267,7.164328042739126,9.787801836954989
1.0916046733269267,7.164328042739126,12.420338837831235
1.0916046733269267,7.164328042739126,15.760925631339827
1.0916046733269267,7.164328042739126,20.000000000000004
1.243315315022456,7.164328042739126,0.020000000000000004
1.243315315022456,7.164328042739126,0.025379220063358444
1.243315315022456,7.164328042739126,0.03220524055121879
1.243315315022456,7.164328042739126,0.04086719435713884
1.243315315022456,7.164328042739126,0.051858875948093346
1.243315315022456,7.164328042739126,0.06580689124625336
1.243315315022456,7.164328042739126,0.08350637873120802
1.243315315022456,7.164328042739126,0.10596633812567419
1.243315315022456,7.164328042739126,0.13446715072998675
1.243315315022456,7.164328042739126,0.17063357048345618
1.243315315022456,7.164328042739126,0.21652734677481095
1.243315315022456,7.164328042739126,0.27476475917665266
1.243315315022456,7.164328042739126,0.3486657644399977
1.243315315022456,7.164328042739126,0.44244325821408986
1.243315315022456,7.164328042739126,0.5614432407882355
1.243315315022456,7.164328042739126,0.7124495780524885
1.243315315022456,7.164328042739126,0.9040707312720487
1.243315315022456,7.164328042739126,1.1472305020897358
1.243315315022456,7.164328042739126,1.4557907687966303
1.243315315022456,7.164328042739126,1.8473417143747723
1.243315315022456,7.164328042739126,2.3442045950669614
1.243315315022456,7.164328042739126,2.974704214587024
1.243315315022456,7.164328042739126,3.7747836442701956
1.243315315022456,7.164328042739126,4.790053239974973
1.243315315022456,7.164328042739126,6.078390764626397
1.243315315022456,7.164328042739126,7.713240842326946
1.243315315022456,7.164328042739126,9.787801836954989
1.243315315022456,7.164328042739126,12.420338837831235
1.243315315022456,7.164328042739126,15.760925631339827
1.243315315022456,7.164328042739126,20.000000000000004
1.4161106216759711,7.164328042739126,0.020000000000000004
1.4161106216759711,7.164328042739126,0.025379220063358444
1.4161106216759711,7.164328042739126,0.03220524055121879
1.4161106216759711,7.164328042739126,0.04086719435713884
1.4161106216759711,7.164328042739126,0.051858875948093346
1.4161106216759711,7.164328042739126,0.06580689124625336
1.4161106216759711,7.164328042739126,0.08350637873120802
1.4161106216759711,7.164328042739126,0.10596633812567419
1.4161106216759711,7.164328042739126,0.13446715072998675
1.4161106216759711,7.164328042739126,0.17063357048345618
1.4161106216759711,7.164328042739126,0.21652734677481095
1.4161106216759711,7.164328042739126,0.27476475917665266
1.4161106216759711,7.164328042739126,0.3486657644399977
1.4161106216759711,7.164328042739126,0.44244325821408986
1.4161106216759711,7.164328042739126,0.5614432407882355
1.4161106216759711,7.164328042739126,0.7124495780524885
1.4161106216759711,7.164328042739126,0.9040707312720487
1.4161106216759711,7.164328042739126,1.1472305020897358
1.4161106216759711,7.164328042739126,1.4557907687966303
1.4161106216759711,7.164328042739126,1.8473417143747723
1.4161106216759711,7.164328042739126,2.3442045950669614
1.4161106216759711,7.164328042739126,2.974704214587024
1.4161106216759711,7.164328042739126,3.7747836442701956
1.4161106216759711,7.164328042739126,4.790053239974973
1.4161106216759711,7.164328042739126,6.078390764626397
1.4161106216759711,7.164328042739126,7.713240842326946
1.4161106216759711,7.164328042739126,9.787801836954989
1.4161106216759711,7.164328042739126,12.420338837831235
1.4161106216759711,7.164328042739126,15.760925631339827
1.4161106216759711,7.164328042739126,20.000000000000004
1.6129209289015194,7.164328042739126,0.020000000000000004
1.6129209289015194,7.164328042739126,0.025379220063358444
1.6129209289015194,7.164328042739126,0.03220524055121879
1.6129209289015194,7.164328042739126,0.04086719435713884
1.6129209289015194,7.164328042739126,0.051858875948093346
1.6129209289015194,7.164328042739126,0.06580689124625336
1.6129209289015194,7.164328042739126,0.08350637873120802
1.6129209289015194,7.164328042739126,0.10596633812567419
1.6129209289015194,7.164328042739126,0.13446715072998675
1.6129209289015194,7.164328042739126,0.17063357048345618
1.6129209289015194,7.164328042739126,0.21652734677481095
1.6129209289015194,7.164328042739126,0.27476475917665266
1.6129209289015194,7.164328042739126,0.3486657644399977
1.6129209289015194,7.164328042739126,0.44244325821408986
1.6129209289015194,7.164328042739126,0.5614432407882355
1.6129209289015194,7.164328042739126,0.7124495780524885
1.6129209289015194,7.164328042739126,0.9040707312720487
1.6129209289015194,7.164328042739126,1.1472305020897358
1.6129209289015194,7.164328042739126,1.4557907687966303
1.6129209289015194,7.164328042739126,1.8473417143747723
1.6129209289015194,7.164328042739126,2.3442045950669614
1.6129209289015194,7.164328042739126,2.974704214587024
1.6129209289015194,7.164328042739126,3.7747836442701956
1.6129209289015194,7.164328042739126,4.790053239974973
1.6129209289015194,7.164328042739126,6.078390764626397
1.6129209289015194,7.164328042739126,7.713240842326946
1.6129209289015194,7.164328042739126,9.787801836954989
1.6129209289015194,7.164328042739126,12.420338837831235
1.6129209289015194,7.164328042739126,15.760925631339827
1.6129209289015194,7.164328042739126,20.000000000000004
1.837083828811086,7.164328042739126,0.020000000000000004
1.837083828811086,7.164328042739126,0.025379220063358444
1.837083828811086,7.164328042739126,0.03220524055121879
1.837083828811086,7.164328042739126,0.04086719435713884
1.837083828811086,7.164328042739126,0.051858875948093346
1.837083828811086,7.164328042739126,0.06580689124625336
1.837083828811086,7.164328042739126,0.08350637873120802
1.837083828811086,7.164328042739126,0.10596633812567419
1.837083828811086,7.164328042739126,0.13446715072998675
1.837083828811086,7.164328042739126,0.17063357048345618
1.837083828811086,7.164328042739126,0.21652734677481095
1.837083828811086,7.164328042739126,0.27476475917665266
1.837083828811086,7.164328042739126,0.3486657644399977
1.837083828811086,7.164328042739126,0.44244325821408986
1.837083828811086,7.164328042739126,0.5614432407882355
1.837083828811086,7.164328042739126,0.7124495780524885
1.837083828811086,7.164328042739126,0.9040707312720487
1.837083828811086,7.164328042739126,1.1472305020897358
1.837083828811086,7.164328042739126,1.4557907687966303
1.837083828811086,7.164328042739126,1.8473417143747723
1.837083828811086,7.164328042739126,2.3442045950669614
1.837083828811086,7.164328042739126,2.974704214587024
1.837083828811086,7.164328042739126,3.7747836442701956
1.837083828811086,7.164328042739126,4.790053239974973
1.837083828811086,7.164328042739126,6.078390764626397
1.837083828811086,7.164328042739126,7.713240842326946
1.837083828811086,7.164328042739126,9.787801836954989
1.837083828811086,7.164328042739126,12.420338837831235
1.837083828811086,7.164328042739126,15.760925631339827
1.837083828811086,7.164328042739126,20.000000000000004
2.092400770307855,7.164328042739126,0.020000000000000004
2.092400770307855,7.164328042739126,0.025379220063358444
2.092400770307855,7.164328042739126,0.03220524055121879
2.092400770307855,7.164328042739126,0.04086719435713884
2.092400770307855,7.164328042739126,0.051858875948093346
2.092400770307855,7.164328042739126,0.06580689124625336
2.092400770307855,7.164328042739126,0.08350637873120802
2.092400770307855,7.164328042739126,0.10596633812567419
2.092400770307855,7.164328042739126,0.13446715072998675
2.092400770307855,7.164328042739126,0.17063357048345618
2.092400770307855,7.164328042739126,0.21652734677481095
2.092400770307855,7.164328042739126,0.27476475917665266
2.092400770307855,7.164328042739126,0.3486657644399977
2.092400770307855,7.164328042739126,0.44244325821408986
2.092400770307855,7.164328042739126,0.5614432407882355
2.092400770307855,7.164328042739126,0.7124495780524885
2.092400770307855,7.164328042739126,0.9040707312720487
2.092400770307855,7.164328042739126,1.1472305020897358
2.092400770307855,7.164328042739126,1.4557907687966303
2.092400770307855,7.164328042739126,1.8473417143747723
2.092400770307855,7.164328042739126,2.3442045950669614
2.092400770307855,7.164328042739126,2.974704214587024
2.092400770307855,7.164328042739126,3.7747836442701956
2.092400770307855,7.164328042739126,4.790053239974973
2.092400770307855,7.164328042739126,6.078390764626397
2.092400770307855,7.164328042739126,7.713240842326946
2.092400770307855,7.164328042739126,9.787801836954989
2.092400770307855,7.164328042739126,12.420338837831235
2.092400770307855,7.164328042739126,15.760925631339827
2.092400770307855,7.164328042739126,20.000000000000004
2.3832015256583725,7.164328042739126,0.020000000000000004
2.3832015256583725,7.164328042739126,0.025379220063358444
2.3832015256583725,7.164328042739126,0.03220524055121879
2.3832015256583725,7.164328042739126,0.04086719435713884
2.3832015256583725,7.164328042739126,0.051858875948093346
2.3832015256583725,7.164328042739126,0.06580689124625336
2.3832015256583725,7.164328042739126,0.08350637873120802
2.3832015256583725,7.164328042739126,0.10596633812567419
2.3832015256583725,7.164328042739126,0.13446715072998675
2.3832015256583725,7.164328042739126,0.17063357048345618
2.3832015256583725,7.164328042739126,0.21652734677481095
2.3832015256583725,7.164328042739126,0.27476475917665266
2.3832015256583725,7.164328042739126,0.3486657644399977
2.3832015256583725,7.164328042739126,0.44244325821408986
2.3832015256583725,7.164328042739126,0.5614432407882355
2.3832015256583725,7.164328042739126,0.7124495780524885
2.3832015256583725,7.164328042739126,0.9040707312720487
2.3832015256583725,7.164328042739126,1.1472305020897358
2.3832015256583725,7.164328042739126,1.4557907687966303
2.3832015256583725,7.164328042739126,1.8473417143747723
2.3832015256583725,7.164328042739126,2.3442045950669614
2.3832015256583725,7.164328042739126,2.974704214587024
2.3832015256583725,7.164328042739126,3.7747836442701956
2.3832015256583725,7.164328042739126,4.790053239974973
2.3832015256583725,7.164328042739126,6.078390764626397
2.3832015256583725,7.164328042739126,7.713240842326946
2.3832015256583725,7.164328042739126,9.787801836954989
2.3832015256583725,7.164328042739126,12.420338837831235
2.3832015256583725,7.164328042739126,15.760925631339827
2.3832015256583725,7.164328042739126,20.000000000000004
2.7144176165949063,7.164328042739126,0.020000000000000004
2.7144176165949063,7.164328042739126,0.025379220063358444
2.7144176165949063,7.164328042739126,0.03220524055121879
2.7144176165949063,7.164328042739126,0.04086719435713884
2.7144176165949063,7.164328042739126,0.051858875948093346
2.7144176165949063,7.164328042739126,0.06580689124625336
2.7144176165949063,7.164328042739126,0.08350637873120802
2.7144176165949063,7.164328042739126,0.10596633812567419
2.7144176165949063,7.164328042739126,0.13446715072998675
2.7144176165949063,7.164328042739126,0.17063357048345618
2.7144176165949063,7.164328042739126,0.21652734677481095
2.7144176165949063,7.164328042739126,0.27476475917665266
2.7144176165949063,7.164328042739126,0.3486657644399977
2.7144176165949063,7.164328042739126,0.44244325821408986
2.7144176165949063,7.164328042739126,0.5614432407882355
2.7144176165949063,7.164328042739126,0.7124495780524885
2.7144176165949063,7.164328042739126,0.9040707312720487
2.7144176165949063,7.164328042739126,1.1472305020897358
2.7144176165949063,7.164328042739126,1.4557907687966303
2.7144176165949063,7.164328042739126,1.8473417143747723
2.7144176165949063,7.164328042739126,2.3442045950669614
2.7144176165949063,7.164328042739126,2.974704214587024
2.7144176165949063,7.164328042739126,3.7747836442701956
2.7144176165949063,7.164328042739126,4.790053239974973
2.7144176165949063,7.164328042739126,6.078390764626397
2.7144176165949063,7.164328042739126,7.713240842326946
2.7144176165949063,7.164328042739126,9.787801836954989
2.7144176165949063,7.164328042739126,12.420338837831235
2.7144176165949063,7.164328042739126,15.760925631339827
2.7144176165949063,7.164328042739126,20.000000000000004
3.0916659451387787,7.164328042739126,0.020000000000000004
3.0916659451387787,7.164328042739126,0.025379220063358444
3.0916659451387787,7.164328042739126,0.03220524055121879
3.0916659451387787,7.164328042739126,0.04086719435713884
3.0916659451387787,7.164328042739126,0.051858875948093346
3.0916659451387787,7.164328042739126,0.06580689124625336
3.0916659451387787,7.164328042739126,0.08350637873120802
3.0916659451387787,7.164328042739126,0.10596633812567419
3.0916659451387787,7.164328042739126,0.13446715072998675
3.0916659451387787,7.164328042739126,0.17063357048345618
3.0916659451387787,7.164328042739126,0.21652734677481095
3.0916659451387787,7.164328042739126,0.27476475917665266
3.0916659451387787,7.164328042739126,0.3486657644399977
3.0916659451387787,7.164328042739126,0.44244325821408986
3.0916659451387787,7.164328042739126,0.5614432407882355
3.0916659451387787,7.164328042739126,0.7124495780524885
3.0916659451387787,7.164328042739126,0.9040707312720487
3.0916659451387787,7.164328042739126,1.1472305020897358
3.0916659451387787,7.164328042739126,1.4557907687966303
3.0916659451387787,7.164328042739126,1.8473417143747723
3.0916659451387787,7.164328042739126,2.3442045950669614
3.0916659451387787,7.164328042739126,2.974704214587024
3.0916659451387787,7.164328042739126,3.7747836442701956
3.0916659451387787,7.164328042739126,4.790053239974973
3.0916659451387787,7.164328042739126,6.078390764626397
3.0916659451387787,7.164328042739126,7.713240842326946
3.0916659451387787,7.164328042739126,9.787801836954989
3.0916659451387787,7.164328042739126,12.420338837831235
3.0916659451387787,7.164328042739126,15.760925631339827
3.0916659451387787,7.164328042739126,20.000000000000004
3.521344047391413,7.164328042739126,0.020000000000000004
3.521344047391413,7.164328042739126,0.025379220063358444
3.521344047391413,7.164328042739126,0.03220524055121879
3.521344047391413,7.164328042739126,0.04086719435713884
3.521344047391413,7.164328042739126,0.051858875948093346
3.521344047391413,7.164328042739126,0.06580689124625336
3.521344047391413,7.164328042739126,0.08350637873120802
3.521344047391413,7.164328042739126,0.10596633812567419
3.521344047391413,7.164328042739126,0.13446715072998675
3.521344047391413,7.164328042739126,0.17063357048345618
3.521344047391413,7.164328042739126,0.21652734677481095
3.521344047391413,7.164328042739126,0.27476475917665266
3.521344047391413,7.164328042739126,0.3486657644399977
3.521344047391413,7.164328042739126,0.44244325821408986
3.521344047391413,7.164328042739126,0.5614432407882355
3.521344047391413,7.164328042739126,0.7124495780524885
3.521344047391413,7.164328042739126,0.9040707312720487
3.521344047391413,7.164328042739126,1.1472305020897358
3.521344047391413,7.164328042739126,1.4557907687966303
3.521344047391413,7.164328042739126,1.8473417143747723
3.521344047391413,7.164328042739126,2.3442045950669614
3.521344047391413,7.164328042739126,2.974704214587024
3.521344047391413,7.164328042739126,3.7747836442701956
3.521344047391413,7.164328042739126,4.790053239974973
3.521344047391413,7.164328042739126,6.078390764626397
3.521344047391413,7.164328042739126,7.713240842326946
3.521344047391413,7.164328042739126,9.787801836954989
3.521344047391413,7.164328042739126,12.420338837831235
3.521344047391413,7.164328042739126,15.760925631339827
3.521344047391413,7.164328042739126,20.000000000000004
4.01073858564701,7.164328042739126,0.020000000000000004
4.01073858564701,7.164328042739126,0.025379220063358444
4.01073858564701,7.164328042739126,0.03220524055121879
4.01073858564701,7.164328042739126,0.04086719435713884
4.01073858564701,7.164328042739126,0.051858875948093346
4.01073858564701,7.164328042739126,0.06580689124625336
4.01073858564701,7.164328042739126,0.08350637873120802
4.01073858564701,7.164328042739126,0.10596633812567419
4.01073858564701,7.164328042739126,0.13446715072998675
4.01073858564701,7.164328042739126,0.17063357048345618
4.01073858564701,7.164328042739126,0.21652734677481095
4.01073858564701,7.164328042739126,0.27476475917665266
4.01073858564701,7.164328042739126,0.3486657644399977
4.01073858564701,7.164328042739126,0.44244325821408986
4.01073858564701,7.164328042739126,0.5614432407882355
4.01073858564701,7.164328042739126,0.7124495780524885
4.01073858564701,7.164328042739126,0.9040707312720487
4.01073858564701,7.164328042739126,1.1472305020897358
4.01073858564701,7.164328042739126,1.4557907687966303
4.01073858564701,7.164328042739126,1.8473417143747723
4.01073858564701,7.164328042739126,2.3442045950669614
4.01073858564701,7.164328042739126,2.974704214587024
4.01073858564701,7.164328042739126,3.7747836442701956
4.01073858564701,7.164328042739126,4.790053239974973
4.01073858564701,7.164328042739126,6.078390764626397
4.01073858564701,7.164328042739126,7.713240842326946
4.01073858564701,7.164328042739126,9.787801836954989
4.01073858564701,7.164328042739126,12.420338837831235
4.01073858564701,7.164328042739126,15.760925631339827
4.01073858564701,7.164328042739126,20.000000000000004
4.568148918681832,7.164328042739126,0.020000000000000004
4.568148918681832,7.164328042739126,0.025379220063358444
4.568148918681832,7.164328042739126,0.03220524055121879
4.568148918681832,7.164328042739126,0.04086719435713884
4.568148918681832,7.164328042739126,0.051858875948093346
4.568148918681832,7.164328042739126,0.06580689124625336
4.568148918681832,7.164328042739126,0.08350637873120802
4.568148918681832,7.164328042739126,0.10596633812567419
4.568148918681832,7.164328042739126,0.13446715072998675
4.568148918681832,7.164328042739126,0.17063357048345618
4.568148918681832,7.164328042739126,0.21652734677481095
4.568148918681832,7.164328042739126,0.27476475917665266
4.568148918681832,7.164328042739126,0.3486657644399977
4.568148918681832,7.164328042739126,0.44244325821408986
4.568148918681832,7.164328042739126,0.5614432407882355
4.568148918681832,7.164328042739126,0.7124495780524885
4.568148918681832,7.164328042739126,0.9040707312720487
4.568148918681832,7.164328042739126,1.1472305020897358
4.568148918681832,7.164328042739126,1.4557907687966303
4.568148918681832,7.164328042739126,1.8473417143747723
4.568148918681832,7.164328042739126,2.3442045950669614
4.568148918681832,7.164328042739126,2.974704214587024
4.568148918681832,7.164328042739126,3.7747836442701956
4.568148918681832,7.164328042739126,4.790053239974973
4.568148918681832,7.164328042739126,6.078390764626397
4.568148918681832,7.164328042739126,7.713240842326946
4.568148918681832,7.164328042739126,9.787801836954989
4.568148918681832,7.164328042739126,12.420338837831235
4.568148918681832,7.164328042739126,15.760925631339827
4.568148918681832,7.164328042739126,20.000000000000004
5.20302784577708,7.164328042739126,0.020000000000000004
5.20302784577708,7.164328042739126,0.025379220063358444
5.20302784577708,7.164328042739126,0.03220524055121879
5.20302784577708,7.164328042739126,0.04086719435713884
5.20302784577708,7.164328042739126,0.051858875948093346
5.20302784577708,7.164328042739126,0.06580689124625336
5.20302784577708,7.164328042739126,0.08350637873120802
5.20302784577708,7.164328042739126,0.10596633812567419
5.20302784577708,7.164328042739126,0.13446715072998675
5.20302784577708,7.164328042739126,0.17063357048345618
5.20302784577708,7.164328042739126,0.21652734677481095
5.20302784577708,7.164328042739126,0.27476475917665266
5.20302784577708,7.164328042739126,0.3486657644399977
5.20302784577708,7.164328042739126,0.44244325821408986
5.20302784577708,7.164328042739126,0.5614432407882355
5.20302784577708,7.164328042739126,0.7124495780524885
5.20302784577708,7.164328042739126,0.9040707312720487
5.20302784577708,7.164328042739126,1.1472305020897358
5.20302784577708,7.164328042739126,1.4557907687966303
5.20302784577708,7.164328042739126,1.8473417143747723
5.20302784577708,7.164328042739126,2.3442045950669614
5.20302784577708,7.164328042739126,2.974704214587024
5.20302784577708,7.164328042739126,3.7747836442701956
5.20302784577708,7.164328042739126,4.790053239974973
5.20302784577708,7.164328042739126,6.078390764626397
5.20302784577708,7.164328042739126,7.713240842326946
5.20302784577708,7.164328042739126,9.787801836954989
5.20302784577708,7.164328042739126,12.420338837831235
5.20302784577708,7.164328042739126,15.760925631339827
5.20302784577708,7.164328042739126,20.000000000000004
5.926141911271874,7.164328042739126,0.020000000000000004
5.926141911271874,7.164328042739126,0.025379220063358444
5.926141911271874,7.164328042739126,0.03220524055121879
5.926141911271874,7.164328042739126,0.04086719435713884
5.926141911271874,7.164328042739126,0.051858875948093346
5.926141911271874,7.164328042739126,0.06580689124625336
5.926141911271874,7.164328042739126,0.08350637873120802
5.926141911271874,7.164328042739126,0.10596633812567419
5.926141911271874,7.164328042739126,0.13446715072998675
5.926141911271874,7.164328042739126,0.17063357048345618
5.926141911271874,7.164328042739126,0.21652734677481095
5.926141911271874,7.164328042739126,0.27476475917665266
5.926141911271874,7.164328042739126,0.3486657644399977
5.926141911271874,7.164328042739126,0.44244325821408986
5.926141911271874,7.164328042739126,0.5614432407882355
5.926141911271874,7.164328042739126,0.7124495780524885
5.926141911271874,7.164328042739126,0.9040707312720487
5.926141911271874,7.164328042739126,1.1472305020897358
5.926141911271874,7.164328042739126,1.4557907687966303
5.926141911271874,7.164328042739126,1.8473417143747723
5.926141911271874,7.164328042739126,2.3442045950669614
5.926141911271874,7.164328042739126,2.974704214587024
5.926141911271874,7.164328042739126,3.7747836442701956
5.926141911271874,7.164328042739126,4.790053239974973
5.926141911271874,7.164328042739126,6.078390764626397
5.926141911271874,7.164328042739126,7.713240842326946
5.926141911271874,7.164328042739126,9.787801836954989
5.926141911271874,7.164328042739126,12.420338837831235
5.926141911271874,7.164328042739126,15.760925631339827
5.926141911271874,7.164328042739126,20.000000000000004
6.749753988158399,7.164328042739126,0.020000000000000004
6.749753988158399,7.164328042739126,0.025379220063358444
6.749753988158399,7.164328042739126,0.03220524055121879
6.749753988158399,7.164328042739126,0.04086719435713884
6.749753988158399,7.164328042739126,0.051858875948093346
6.749753988158399,7.164328042739126,0.06580689124625336
6.749753988158399,7.164328042739126,0.08350637873120802
6.749753988158399,7.164328042739126,0.10596633812567419
6.749753988158399,7.164328042739126,0.13446715072998675
6.749753988158399,7.164328042739126,0.17063357048345618
6.749753988158399,7.164328042739126,0.21652734677481095
6.749753988158399,7.164328042739126,0.27476475917665266
6.749753988158399,7.164328042739126,0.3486657644399977
6.749753988158399,7.164328042739126,0.44244325821408986
6.749753988158399,7.164328042739126,0.5614432407882355
6.749753988158399,7.164328042739126,0.7124495780524885
6.749753988158399,7.164328042739126,0.9040707312720487
6.749753988158399,7.164328042739126,1.1472305020897358
6.749753988158399,7.164328042739126,1.4557907687966303
6.749753988158399,7.164328042739126,1.8473417143747723
6.749753988158399,7.164328042739126,2.3442045950669614
6.749753988158399,7.164328042739126,2.974704214587024
6.749753988158399,7.164328042739126,3.7747836442701956
6.749753988158399,7.164328042739126,4.790053239974973
6.749753988158399,7.164328042739126,6.078390764626397
6.749753988158399,7.164328042739126,7.713240842326946
6.749753988158399,7.164328042739126,9.787801836954989
6.749753988158399,7.164328042739126,12.420338837831235
6.749753988158399,7.164328042739126,15.760925631339827
6.749753988158399,7.164328042739126,20.000000000000004
7.68783123704884,7.164328042739126,0.020000000000000004
7.68783123704884,7.164328042739126,0.025379220063358444
7.68783123704884,7.164328042739126,0.03220524055121879
7.68783123704884,7.164328042739126,0.04086719435713884
7.68783123704884,7.164328042739126,0.051858875948093346
7.68783123704884,7.164328042739126,0.06580689124625336
7.68783123704884,7.164328042739126,0.08350637873120802
7.68783123704884,7.164328042739126,0.10596633812567419
7.68783123704884,7.164328042739126,0.13446715072998675
7.68783123704884,7.164328042739126,0.17063357048345618
7.68783123704884,7.164328042739126,0.21652734677481095
7.68783123704884,7.164328042739126,0.27476475917665266
7.68783123704884,7.164328042739126,0.3486657644399977
7.68783123704884,7.164328042739126,0.44244325821408986
7.68783123704884,7.164328042739126,0.5614432407882355
7.68783123704884,7.164328042739126,0.7124495780524885
7.68783123704884,7.164328042739126,0.9040707312720487
7.68783123704884,7.164328042739126,1.1472305020897358
7.68783123704884,7.164328042739126,1.4557907687966303
7.68783123704884,7.164328042739126,1.8473417143747723
7.68783123704884,7.164328042739126,2.3442045950669614
7.68783123704884,7.164328042739126,2.974704214587024
7.68783123704884,7.164328042739126,3.7747836442701956
7.68783123704884,7.164328042739126,4.790053239974973
7.68783123704884,7.164328042739126,6.078390764626397
7.68783123704884,7.164328042739126,7.713240842326946
7.68783123704884,7.164328042739126,9.787801836954989
7.68783123704884,7.164328042739126,12.420338837831235
7.68783123704884,7.164328042739126,15.760925631339827
7.68783123704884,7.164328042739126,20.000000000000004
8.756281967169807,7.164328042739126,0.020000000000000004
8.756281967169807,7.164328042739126,0.025379220063358444
8.756281967169807,7.164328042739126,0.03220524055121879
8.756281967169807,7.164328042739126,0.04086719435713884
8.756281967169807,7.164328042739126,0.051858875948093346
8.756281967169807,7.164328042739126,0.06580689124625336
8.756281967169807,7.164328042739126,0.08350637873120802
8.756281967169807,7.164328042739126,0.10596633812567419
8.756281967169807,7.164328042739126,0.13446715072998675
8.756281967169807,7.164328042739126,0.17063357048345618
8.756281967169807,7.164328042739126,0.21652734677481095
8.756281967169807,7.164328042739126,0.27476475917665266
8.756281967169807,7.164328042739126,0.3486657644399977
8.756281967169807,7.164328042739126,0.44244325821408986
8.756281967169807,7.164328042739126,0.5614432407882355
8.756281967169807,7.164328042739126,0.7124495780524885
8.756281967169807,7.164328042739126,0.9040707312720487
8.756281967169807,7.164328042739126,1.1472305020897358
8.756281967169807,7.164328042739126,1.4557907687966303
8.756281967169807,7.164328042739126,1.8473417143747723
8.756281967169807,7.164328042739126,2.3442045950669614
8.756281967169807,7.164328042739126,2.974704214587024
8.756281967169807,7.164328042739126,3.7747836442701956
8.756281967169807,7.164328042739126,4.790053239974973
8.756281967169807,7.164328042739126,6.078390764626397
8.756281967169807,7.164328042739126,7.713240842326946
8.756281967169807,7.164328042739126,9.787801836954989
8.756281967169807,7.164328042739126,12.420338837831235
8.756281967169807,7.164328042739126,15.760925631339827
8.756281967169807,7.164328042739126,20.000000000000004
9.973225416172864,7.164328042739126,0.020000000000000004
9.973225416172864,7.164328042739126,0.025379220063358444
9.973225416172864,7.164328042739126,0.03220524055121879
9.973225416172864,7.164328042739126,0.04086719435713884
9.973225416172864,7.164328042739126,0.051858875948093346
9.973225416172864,7.164328042739126,0.06580689124625336
9.973225416172864,7.164328042739126,0.08350637873120802
9.973225416172864,7.164328042739126,0.10596633812567419
9.973225416172864,7.164328042739126,0.13446715072998675
9.973225416172864,7.164328042739126,0.17063357048345618
9.973225416172864,7.164328042739126,0.21652734677481095
9.973225416172864,7.164328042739126,0.27476475917665266
9.973225416172864,7.164328042739126,0.3486657644399977
9.973225416172864,7.164328042739126,0.44244325821408986
9.973225416172864,7.164328042739126,0.5614432407882355
9.973225416172864,7.164328042739126,0.7124495780524885
9.973225416172864,7.164328042739126,0.9040707312720487
9.973225416172864,7.164328042739126,1.1472305020897358
9.973225416172864,7.164328042739126,1.4557907687966303
9.973225416172864,7.164328042739126,1.8473417143747723
9.973225416172864,7.164328042739126,2.3442045950669614
9.973225416172864,7.164328042739126,2.974704214587024
9.973225416172864,7.164328042739126,3.7747836442701956
9.973225416172864,7.164328042739126,4.790053239974973
9.973225416172864,7.164328042739126,6.078390764626397
9.973225416172864,7.164328042739126,7.713240842326946
9.973225416172864,7.164328042739126,9.787801836954989
9.973225416172864,7.164328042739126,12.420338837831235
9.973225416172864,7.164328042739126,15.760925631339827
9.973225416172864,7.164328042739126,20.000000000000004
11.359299023800787,7.164328042739126,0.020000000000000004
11.359299023800787,7.164328042739126,0.025379220063358444
11.359299023800787,7.164328042739126,0.03220524055121879
11.359299023800787,7.164328042739126,0.04086719435713884
11.359299023800787,7.164328042739126,0.051858875948093346
11.359299023800787,7.164328042739126,0.06580689124625336
11.359299023800787,7.164328042739126,0.08350637873120802
11.359299023800787,7.164328042739126,0.10596633812567419
11.359299023800787,7.164328042739126,0.13446715072998675
11.359299023800787,7.164328042739126,0.17063357048345618
11.359299023800787,7.164328042739126,0.21652734677481095
11.359299023800787,7.164328042739126,0.27476475917665266
11.359299023800787,7.164328042739126,0.3486657644399977
11.359299023800787,7.164328042739126,0.44244325821408986
11.359299023800787,7.164328042739126,0.5614432407882355
11.359299023800787,7.164328042739126,0.7124495780524885
11.359299023800787,7.164328042739126,0.9040707312720487
11.359299023800787,7.164328042739126,1.1472305020897358
11.359299023800787,7.164328042739126,1.4557907687966303
11.359299023800787,7.164328042739126,1.8473417143747723
11.359299023800787,7.164328042739126,2.3442045950669614
11.359299023800787,7.164328042739126,2.974704214587024
11.359299023800787,7.164328042739126,3.7747836442701956
11.359299023800787,7.164328042739126,4.790053239974973
11.359299023800787,7.164328042739126,6.078390764626397
11.359299023800787,7.164328042739126,7.713240842326946
11.359299023800787,7.164328042739126,9.787801836954989
11.359299023800787,7.164328042739126,12.420338837831235
11.359299023800787,7.164328042739126,15.760925631339827
11.359299023800787,7.164328042739126,20.000000000000004
12.938008410285883,7.164328042739126,0.020000000000000004
12.938008410285883,7.164328042739126,0.025379220063358444
12.938008410285883,7.164328042739126,0.03220524055121879
12.938008410285883,7.164328042739126,0.04086719435713884
12.938008410285883,7.164328042739126,0.051858875948093346
12.938008410285883,7.164328042739126,0.06580689124625336
12.938008410285883,7.164328042739126,0.08350637873120802
12.938008410285883,7.164328042739126,0.10596633812567419
12.938008410285883,7.164328042739126,0.13446715072998675
12.938008410285883,7.164328042739126,0.17063357048345618
12.938008410285883,7.164328042739126,0.21652734677481095
12.938008410285883,7.164328042739126,0.27476475917665266
12.938008410285883,7.164328042739126,0.3486657644399977
12.938008410285883,7.164328042739126,0.44244325821408986
12.938008410285883,7.164328042739126,0.5614432407882355
12.938008410285883,7.164328042739126,0.7124495780524885
12.938008410285883,7.164328042739126,0.9040707312720487
12.938008410285883,7.164328042739126,1.1472305020897358
12.938008410285883,7.164328042739126,1.4557907687966303
12.938008410285883,7.164328042739126,1.8473417143747723
12.938008410285883,7.164328042739126,2.3442045950669614
12.938008410285883,7.164328042739126,2.974704214587024
12.938008410285883,7.164328042739126,3.7747836442701956
12.938008410285883,7.164328042739126,4.790053239974973
12.938008410285883,7.164328042739126,6.078390764626397
12.938008410285883,7.164328042739126,7.713240842326946
12.938008410285883,7.164328042739126,9.787801836954989
12.938008410285883,7.164328042739126,12.420338837831235
12.938008410285883,7.164328042739126,15.760925631339827
12.938008410285883,7.164328042739126,20.000000000000004
14.736125994561542,7.164328042739126,0.020000000000000004
14.736125994561542,7.164328042739126,0.025379220063358444
14.736125994561542,7.164328042739126,0.03220524055121879
14.736125994561542,7.164328042739126,0.04086719435713884
14.736125994561542,7.164328042739126,0.051858875948093346
14.736125994561542,7.164328042739126,0.06580689124625336
14.736125994561542,7.164328042739126,0.08350637873120802
14.736125994561542,7.164328042739126,0.10596633812567419
14.736125994561542,7.164328042739126,0.13446715072998675
14.736125994561542,7.164328042739126,0.17063357048345618
14.736125994561542,7.164328042739126,0.21652734677481095
14.736125994561542,7.164328042739126,0.27476475917665266
14.736125994561542,7.164328042739126,0.3486657644399977
14.736125994561542,7.164328042739126,0.44244325821408986
14.736125994561542,7.164328042739126,0.5614432407882355
14.736125994561542,7.164328042739126,0.7124495780524885
14.736125994561542,7.164328042739126,0.9040707312720487
14.736125994561542,7.164328042739126,1.1472305020897358
14.736125994561542,7.164328042739126,1.4557907687966303
14.736125994561542,7.164328042739126,1.8473417143747723
14.736125994561542,7.164328042739126,2.3442045950669614
14.736125994561542,7.164328042739126,2.974704214587024
14.736125994561542,7.164328042739126,3.7747836442701956
14.736125994561542,7.164328042739126,4.790053239974973
14.736125994561542,7.164328042739126,6.078390764626397
14.736125994561542,7.164328042739126,7.713240842326946
14.736125994561542,7.164328042739126,9.787801836954989
14.736125994561542,7.164328042739126,12.420338837831235
14.736125994561542,7.164328042739126,15.760925631339827
14.736125994561542,7.164328042739126,20.000000000000004
16.784145012222478,7.164328042739126,0.020000000000000004
16.784145012222478,7.164328042739126,0.025379220063358444
16.784145012222478,7.164328042739126,0.03220524055121879
16.784145012222478,7.164328042739126,0.04086719435713884
16.784145012222478,7.164328042739126,0.051858875948093346
16.784145012222478,7.164328042739126,0.06580689124625336
16.784145012222478,7.164328042739126,0.08350637873120802
16.784145012222478,7.164328042739126,0.10596633812567419
16.784145012222478,7.164328042739126,0.13446715072998675
16.784145012222478,7.164328042739126,0.17063357048345618
16.784145012222478,7.164328042739126,0.21652734677481095
16.784145012222478,7.164328042739126,0.27476475917665266
16.784145012222478,7.164328042739126,0.3486657644399977
16.784145012222478,7.164328042739126,0.44244325821408986
16.784145012222478,7.164328042739126,0.5614432407882355
16.784145012222478,7.164328042739126,0.7124495780524885
16.784145012222478,7.164328042739126,0.9040707312720487
16.784145012222478,7.164328042739126,1.1472305020897358
16.784145012222478,7.164328042739126,1.4557907687966303
16.784145012222478,7.164328042739126,1.8473417143747723
16.784145012222478,7.164328042739126,2.3442045950669614
16.784145012222478,7.164328042739126,2.974704214587024
16.784145012222478,7.164328042739126,3.7747836442701956
16.784145012222478,7.164328042739126,4.790053239974973
16.784145012222478,7.164328042739126,6.078390764626397
16.784145012222478,7.164328042739126,7.713240842326946
16.784145012222478,7.164328042739126,9.787801836954989
16.784145012222478,7.164328042739126,12.420338837831235
16.784145012222478,7.164328042739126,15.760925631339827
16.784145012222478,7.164328042739126,20.000000000000004
19.116796632661714,7.164328042739126,0.020000000000000004
19.116796632661714,7.164328042739126,0.025379220063358444
19.116796632661714,7.164328042739126,0.03220524055121879
19.116796632661714,7.164328042739126,0.04086719435713884
19.116796632661714,7.164328042739126,0.051858875948093346
19.116796632661714,7.164328042739126,0.06580689124625336
19.116796632661714,7.164328042739126,0.08350637873120802
19.116796632661714,7.164328042739126,0.10596633812567419
19.116796632661714,7.164328042739126,0.13446715072998675
19.116796632661714,7.164328042739126,0.17063357048345618
19.116796632661714,7.164328042739126,0.21652734677481095
19.116796632661714,7.164328042739126,0.27476475917665266
19.116796632661714,7.164328042739126,0.3486657644399977
19.116796632661714,7.164328042739126,0.44244325821408986
19.116796632661714,7.164328042739126,0.5614432407882355
19.116796632661714,7.164328042739126,0.7124495780524885
19.116796632661714,7.164328042739126,0.9040707312720487
19.116796632661714,7.164328042739126,1.1472305020897358
19.116796632661714,7.164328042739126,1.4557907687966303
19.116796632661714,7.164328042739126,1.8473417143747723
19.116796632661714,7.164328042739126,2.3442045950669614
19.116796632661714,7.164328042739126,2.974704214587024
19.116796632661714,7.164328042739126,3.7747836442701956
19.116796632661714,7.164328042739126,4.790053239974973
19.116796632661714,7.164328042739126,6.078390764626397
19.116796632661714,7.164328042739126,7.713240842326946
19.116796632661714,7.164328042739126,9.787801836954989
19.116796632661714,7.164328042739126,12.420338837831235
19.116796632661714,7.164328042739126,15.760925631339827
19.116796632661714,7.164328042739126,20.000000000000004
21.77363894487436,7.164328042739126,0.020000000000000004
21.77363894487436,7.164328042739126,0.025379220063358444
21.77363894487436,7.164328042739126,0.03220524055121879
21.77363894487436,7.164328042739126,0.04086719435713884
21.77363894487436,7.164328042739126,0.051858875948093346
21.77363894487436,7.164328042739126,0.06580689124625336
21.77363894487436,7.164328042739126,0.08350637873120802
21.77363894487436,7.164328042739126,0.10596633812567419
21.77363894487436,7.164328042739126,0.13446715072998675
21.77363894487436,7.164328042739126,0.17063357048345618
21.77363894487436,7.164328042739126,0.21652734677481095
21.77363894487436,7.164328042739126,0.27476475917665266
21.77363894487436,7.164328042739126,0.3486657644399977
21.77363894487436,7.164328042739126,0.44244325821408986
21.77363894487436,7.164328042739126,0.5614432407882355
21.77363894487436,7.164328042739126,0.7124495780524885
21.77363894487436,7.164328042739126,0.9040707312720487
21.77363894487436,7.164328042739126,1.1472305020897358
21.77363894487436,7.164328042739126,1.4557907687966303
21.77363894487436,7.164328042739126,1.8473417143747723
21.77363894487436,7.164328042739126,2.3442045950669614
21.77363894487436,7.164328042739126,2.974704214587024
21.77363894487436,7.164328042739126,3.7747836442701956
21.77363894487436,7.164328042739126,4.790053239974973
21.77363894487436,7.164328042739126,6.078390764626397
21.77363894487436,7.164328042739126,7.713240842326946
21.77363894487436,7.164328042739126,9.787801836954989
21.77363894487436,7.164328042739126,12.420338837831235
21.77363894487436,7.164328042739126,15.760925631339827
21.77363894487436,7.164328042739126,20.000000000000004
24.799727800197864,7.164328042739126,0.020000000000000004
24.799727800197864,7.164328042739126,0.025379220063358444
24.799727800197864,7.164328042739126,0.03220524055121879
24.799727800197864,7.164328042739126,0.04086719435713884
24.799727800197864,7.164328042739126,0.051858875948093346
24.799727800197864,7.164328042739126,0.06580689124625336
24.799727800197864,7.164328042739126,0.08350637873120802
24.799727800197864,7.164328042739126,0.10596633812567419
24.799727800197864,7.164328042739126,0.13446715072998675
24.799727800197864,7.164328042739126,0.17063357048345618
24.799727800197864,7.164328042739126,0.21652734677481095
24.799727800197864,7.164328042739126,0.27476475917665266
24.799727800197864,7.164328042739126,0.3486657644399977
24.799727800197864,7.164328042739126,0.44244325821408986
24.799727800197864,7.164328042739126,0.5614432407882355
24.799727800197864,7.164328042739126,0.7124495780524885
24.799727800197864,7.164328042739126,0.9040707312720487
24.799727800197864,7.164328042739126,1.1472305020897358
24.799727800197864,7.164328042739126,1.4557907687966303
24.799727800197864,7.164328042739126,1.8473417143747723
24.799727800197864,7.164328042739126,2.3442045950669614
24.799727800197864,7.164328042739126,2.974704214587024
24.799727800197864,7.164328042739126,3.7747836442701956
24.799727800197864,7.164328042739126,4.790053239974973
24.799727800197864,7.164328042739126,6.078390764626397
24.799727800197864,7.164328042739126,7.713240842326946
24.799727800197864,7.164328042739126,9.787801836954989
24.799727800197864,7.164328042739126,12.420338837831235
24.799727800197864,7.164328042739126,15.760925631339827
24.799727800197864,7.164328042739126,20.000000000000004
28.246380888422294,7.164328042739126,0.020000000000000004
28.246380888422294,7.164328042739126,0.025379220063358444
28.246380888422294,7.164328042739126,0.03220524055121879
28.246380888422294,7.164328042739126,0.04086719435713884
28.246380888422294,7.164328042739126,0.051858875948093346
28.246380888422294,7.164328042739126,0.06580689124625336
28.246380888422294,7.164328042739126,0.08350637873120802
28.246380888422294,7.164328042739126,0.10596633812567419
28.246380888422294,7.164328042739126,0.13446715072998675
28.246380888422294,7.164328042739126,0.17063357048345618
28.246380888422294,7.164328042739126,0.21652734677481095
28.246380888422294,7.164328042739126,0.27476475917665266
28.246380888422294,7.164328042739126,0.3486657644399977
28.246380888422294,7.164328042739126,0.44244325821408986
28.246380888422294,7.164328042739126,0.5614432407882355
28.246380888422294,7.164328042739126,0.7124495780524885
28.246380888422294,7.164328042739126,0.9040707312720487
28.246380888422294,7.164328042739126,1.1472305020897358
28.246380888422294,7.164328042739126,1.4557907687966303
28.246380888422294,7.164328042739126,1.8473417143747723
28.246380888422294,7.164328042739126,2.3442045950669614
28.246380888422294,7.164328042739126,2.974704214587024
28.246380888422294,7.164328042739126,3.7747836442701956
28.246380888422294,7.164328042739126,4.790053239974973
28.246380888422294,7.164328042739126,6.078390764626397
28.246380888422294,7.164328042739126,7.713240842326946
28.246380888422294,7.164328042739126,9.787801836954989
28.246380888422294,7.164328042739126,12.420338837831235
28.246380888422294,7.164328042739126,15.760925631339827
28.246380888422294,7.164328042739126,20.000000000000004
32.17204800479556,7.164328042739126,0.020000000000000004
32.17204800479556,7.164328042739126,0.025379220063358444
32.17204800479556,7.164328042739126,0.03220524055121879
32.17204800479556,7.164328042739126,0.04086719435713884
32.17204800479556,7.164328042739126,0.051858875948093346
32.17204800479556,7.164328042739126,0.06580689124625336
32.17204800479556,7.164328042739126,0.08350637873120802
32.17204800479556,7.164328042739126,0.10596633812567419
32.17204800479556,7.164328042739126,0.13446715072998675
32.17204800479556,7.164328042739126,0.17063357048345618
32.17204800479556,7.164328042739126,0.21652734677481095
32.17204800479556,7.164328042739126,0.27476475917665266
32.17204800479556,7.164328042739126,0.3486657644399977
32.17204800479556,7.164328042739126,0.44244325821408986
32.17204800479556,7.164328042739126,0.5614432407882355
32.17204800479556,7.164328042739126,0.7124495780524885
32.17204800479556,7.164328042739126,0.9040707312720487
32.17204800479556,7.164328042739126,1.1472305020897358
32.17204800479556,7.164328042739126,1.4557907687966303
32.17204800479556,7.164328042739126,1.8473417143747723
32.17204800479556,7.164328042739126,2.3442045950669614
32.17204800479556,7.164328042739126,2.974704214587024
32.17204800479556,7.164328042739126,3.7747836442701956
32.17204800479556,7.164328042739126,4.790053239974973
32.17204800479556,7.164328042739126,6.078390764626397
32.17204800479556,7.164328042739126,7.713240842326946
32.17204800479556,7.164328042739126,9.787801836954989
32.17204800479556,7.164328042739126,12.420338837831235
32.17204800479556,7.164328042739126,15.760925631339827
32.17204800479556,7.164328042739126,20.000000000000004
36.64330226627778,7.164328042739126,0.020000000000000004
36.64330226627778,7.164328042739126,0.025379220063358444
36.64330226627778,7.164328042739126,0.03220524055121879
36.64330226627778,7.164328042739126,0.04086719435713884
36.64330226627778,7.164328042739126,0.051858875948093346
36.64330226627778,7.164328042739126,0.06580689124625336
36.64330226627778,7.164328042739126,0.08350637873120802
36.64330226627778,7.164328042739126,0.10596633812567419
36.64330226627778,7.164328042739126,0.13446715072998675
36.64330226627778,7.164328042739126,0.17063357048345618
36.64330226627778,7.164328042739126,0.21652734677481095
36.64330226627778,7.164328042739126,0.27476475917665266
36.64330226627778,7.164328042739126,0.3486657644399977
36.64330226627778,7.164328042739126,0.44244325821408986
36.64330226627778,7.164328042739126,0.5614432407882355
36.64330226627778,7.164328042739126,0.7124495780524885
36.64330226627778,7.164328042739126,0.9040707312720487
36.64330226627778,7.164328042739126,1.1472305020897358
36.64330226627778,7.164328042739126,1.4557907687966303
36.64330226627778,7.164328042739126,1.8473417143747723
36.64330226627778,7.164328042739126,2.3442045950669614
36.64330226627778,7.164328042739126,2.974704214587024
36.64330226627778,7.164328042739126,3.7747836442701956
36.64330226627778,7.164328042739126,4.790053239974973
36.64330226627778,7.164328042739126,6.078390764626397
36.64330226627778,7.164328042739126,7.713240842326946
36.64330226627778,7.164328042739126,9.787801836954989
36.64330226627778,7.164328042739126,12.420338837831235
36.64330226627778,7.164328042739126,15.760925631339827
36.64330226627778,7.164328042739126,20.000000000000004
41.73596908650796,7.164328042739126,0.020000000000000004
41.73596908650796,7.164328042739126,0.025379220063358444
41.73596908650796,7.164328042739126,0.03220524055121879
41.73596908650796,7.164328042739126,0.04086719435713884
41.73596908650796,7.164328042739126,0.051858875948093346
41.73596908650796,7.164328042739126,0.06580689124625336
41.73596908650796,7.164328042739126,0.08350637873120802
41.73596908650796,7.164328042739126,0.10596633812567419
41.73596908650796,7.164328042739126,0.13446715072998675
41.73596908650796,7.164328042739126,0.17063357048345618
41.73596908650796,7.164328042739126,0.21652734677481095
41.73596908650796,7.164328042739126,0.27476475917665266
41.73596908650796,7.164328042739126,0.3486657644399977
41.73596908650796,7.164328042739126,0.44244325821408986
41.73596908650796,7.164328042739126,0.5614432407882355
41.73596908650796,7.164328042739126,0.7124495780524885
41.73596908650796,7.164328042739126,0.9040707312720487
41.73596908650796,7.164328042739126,1.1472305020897358
41.73596908650796,7.164328042739126,1.4557907687966303
41.73596908650796,7.164328042739126,1.8473417143747723
41.73596908650796,7.164328042739126,2.3442045950669614
41.73596908650796,7.164328042739126,2.974704214587024
41.73596908650796,7.164328042739126,3.7747836442701956
41.73596908650796,7.164328042739126,4.790053239974973
41.73596908650796,7.164328042739126,6.078390764626397
41.73596908650796,7.164328042739126,7.713240842326946
41.73596908650796,7.164328042739126,9.787801836954989
41.73596908650796,7.164328042739126,12.420338837831235
41.73596908650796,7.164328042739126,15.760925631339827
41.73596908650796,7.164328042739126,20.000000000000004
47.53641205511606,7.164328042739126,0.020000000000000004
47.53641205511606,7.164328042739126,0.025379220063358444
47.53641205511606,7.164328042739126,0.03220524055121879
47.53641205511606,7.164328042739126,0.04086719435713884
47.53641205511606,7.164328042739126,0.051858875948093346
47.53641205511606,7.164328042739126,0.06580689124625336
47.53641205511606,7.164328042739126,0.08350637873120802
47.53641205511606,7.164328042739126,0.10596633812567419
47.53641205511606,7.164328042739126,0.13446715072998675
47.53641205511606,7.164328042739126,0.17063357048345618
47.53641205511606,7.164328042739126,0.21652734677481095
47.53641205511606,7.164328042739126,0.27476475917665266
47.53641205511606,7.164328042739126,0.3486657644399977
47.53641205511606,7.164328042739126,0.44244325821408986
47.53641205511606,7.164328042739126,0.5614432407882355
47.53641205511606,7.164328042739126,0.7124495780524885
47.53641205511606,7.164328042739126,0.9040707312720487
47.53641205511606,7.164328042739126,1.1472305020897358
47.53641205511606,7.164328042739126,1.4557907687966303
47.53641205511606,7.164328042739126,1.8473417143747723
47.53641205511606,7.164328042739126,2.3442045950669614
47.53641205511606,7.164328042739126,2.974704214587024
47.53641205511606,7.164328042739126,3.7747836442701956
47.53641205511606,7.164328042739126,4.790053239974973
47.53641205511606,7.164328042739126,6.078390764626397
47.53641205511606,7.164328042739126,7.713240842326946
47.53641205511606,7.164328042739126,9.787801836954989
47.53641205511606,7.164328042739126,12.420338837831235
47.53641205511606,7.164328042739126,15.760925631339827
47.53641205511606,7.164328042739126,20.000000000000004
54.14299752786337,7.164328042739126,0.020000000000000004
54.14299752786337,7.164328042739126,0.025379220063358444
54.14299752786337,7.164328042739126,0.03220524055121879
54.14299752786337,7.164328042739126,0.04086719435713884
54.14299752786337,7.164328042739126,0.051858875948093346
54.14299752786337,7.164328042739126,0.06580689124625336
54.14299752786337,7.164328042739126,0.08350637873120802
54.14299752786337,7.164328042739126,0.10596633812567419
54.14299752786337,7.164328042739126,0.13446715072998675
54.14299752786337,7.164328042739126,0.17063357048345618
54.14299752786337,7.164328042739126,0.21652734677481095
54.14299752786337,7.164328042739126,0.27476475917665266
54.14299752786337,7.164328042739126,0.3486657644399977
54.14299752786337,7.164328042739126,0.44244325821408986
54.14299752786337,7.164328042739126,0.5614432407882355
54.14299752786337,7.164328042739126,0.7124495780524885
54.14299752786337,7.164328042739126,0.9040707312720487
54.14299752786337,7.164328042739126,1.1472305020897358
54.14299752786337,7.164328042739126,1.4557907687966303
54.14299752786337,7.164328042739126,1.8473417143747723
54.14299752786337,7.164328042739126,2.3442045950669614
54.14299752786337,7.164328042739126,2.974704214587024
54.14299752786337,7.164328042739126,3.7747836442701956
54.14299752786337,7.164328042739126,4.790053239974973
54.14299752786337,7.164328042739126,6.078390764626397
54.14299752786337,7.164328042739126,7.713240842326946
54.14299752786337,7.164328042739126,9.787801836954989
54.14299752786337,7.164328042739126,12.420338837831235
54.14299752786337,7.164328042739126,15.760925631339827
54.14299752786337,7.164328042739126,20.000000000000004
61.66776276474831,7.164328042739126,0.020000000000000004
61.66776276474831,7.164328042739126,0.025379220063358444
61.66776276474831,7.164328042739126,0.03220524055121879
61.66776276474831,7.164328042739126,0.04086719435713884
61.66776276474831,7.164328042739126,0.051858875948093346
61.66776276474831,7.164328042739126,0.06580689124625336
61.66776276474831,7.164328042739126,0.08350637873120802
61.66776276474831,7.164328042739126,0.10596633812567419
61.66776276474831,7.164328042739126,0.13446715072998675
61.66776276474831,7.164328042739126,0.17063357048345618
61.66776276474831,7.164328042739126,0.21652734677481095
61.66776276474831,7.164328042739126,0.27476475917665266
61.66776276474831,7.164328042739126,0.3486657644399977
61.66776276474831,7.164328042739126,0.44244325821408986
61.66776276474831,7.164328042739126,0.5614432407882355
61.66776276474831,7.164328042739126,0.7124495780524885
61.66776276474831,7.164328042739126,0.9040707312720487
61.66776276474831,7.164328042739126,1.1472305020897358
61.66776276474831,7.164328042739126,1.4557907687966303
61.66776276474831,7.164328042739126,1.8473417143747723
61.66776276474831,7.164328042739126,2.3442045950669614
61.66776276474831,7.164328042739126,2.974704214587024
61.66776276474831,7.164328042739126,3.7747836442701956
61.66776276474831,7.164328042739126,4.790053239974973
61.66776276474831,7.164328042739126,6.078390764626397
61.66776276474831,7.164328042739126,7.713240842326946
61.66776276474831,7.164328042739126,9.787801836954989
61.66776276474831,7.164328042739126,12.420338837831235
61.66776276474831,7.164328042739126,15.760925631339827
61.66776276474831,7.164328042739126,20.000000000000004
70.23831590506614,7.164328042739126,0.020000000000000004
70.23831590506614,7.164328042739126,0.025379220063358444
70.23831590506614,7.164328042739126,0.03220524055121879
70.23831590506614,7.164328042739126,0.04086719435713884
70.23831590506614,7.164328042739126,0.051858875948093346
70.23831590506614,7.164328042739126,0.06580689124625336
70.23831590506614,7.164328042739126,0.08350637873120802
70.23831590506614,7.164328042739126,0.10596633812567419
70.23831590506614,7.164328042739126,0.13446715072998675
70.23831590506614,7.164328042739126,0.17063357048345618
70.23831590506614,7.164328042739126,0.21652734677481095
70.23831590506614,7.164328042739126,0.27476475917665266
70.23831590506614,7.164328042739126,0.3486657644399977
70.23831590506614,7.164328042739126,0.44244325821408986
70.23831590506614,7.164328042739126,0.5614432407882355
70.23831590506614,7.164328042739126,0.7124495780524885
70.23831590506614,7.164328042739126,0.9040707312720487
70.23831590506614,7.164328042739126,1.1472305020897358
70.23831590506614,7.164328042739126,1.4557907687966303
70.23831590506614,7.164328042739126,1.8473417143747723
70.23831590506614,7.164328042739126,2.3442045950669614
70.23831590506614,7.164328042739126,2.974704214587024
70.23831590506614,7.164328042739126,3.7747836442701956
70.23831590506614,7.164328042739126,4.790053239974973
70.23831590506614,7.164328042739126,6.078390764626397
70.23831590506614,7.164328042739126,7.713240842326946
70.23831590506614,7.164328042739126,9.787801836954989
70.23831590506614,7.164328042739126,12.420338837831235
70.23831590506614,7.164328042739126,15.760925631339827
70.23831590506614,7.164328042739126,20.000000000000004
79.99999999999999,7.164328042739126,0.020000000000000004
79.99999999999999,7.164328042739126,0.025379220063358444
79.99999999999999,7.164328042739126,0.03220524055121879
79.99999999999999,7.164328042739126,0.04086719435713884
79.99999999999999,7.164328042739126,0.051858875948093346
79.99999999999999,7.164328042739126,0.06580689124625336
79.99999999999999,7.164328042739126,0.08350637873120802
79.99999999999999,7.164328042739126,0.10596633812567419
79.99999999999999,7.164328042739126,0.13446715072998675
79.99999999999999,7.164328042739126,0.17063357048345618
79.99999999999999,7.164328042739126,0.21652734677481095
79.99999999999999,7.164328042739126,0.27476475917665266
79.99999999999999,7.164328042739126,0.3486657644399977
79.99999999999999,7.164328042739126,0.44244325821408986
79.99999999999999,7.164328042739126,0.5614432407882355
79.99999999999999,7.164328042739126,0.7124495780524885
79.99999999999999,7.164328042739126,0.9040707312720487
79.99999999999999,7.164328042739126,1.1472305020897358
79.99999999999999,7.164328042739126,1.4557907687966303
79.99999999999999,7.164328042739126,1.8473417143747723
79.99999999999999,7.164328042739126,2.3442045950669614
79.99999999999999,7.164328042739126,2.974704214587024
79.99999999999999,7.164328042739126,3.7747836442701956
79.99999999999999,7.164328042739126,4.790053239974973
79.99999999999999,7.164328042739126,6.078390764626397
79.99999999999999,7.164328042739126,7.713240842326946
79.99999999999999,7.164328042739126,9.787801836954989
79.99999999999999,7.164328042739126,12.420338837831235
79.99999999999999,7.164328042739126,15.760925631339827
79.99999999999999,7.164328042739126,20.000000000000004
