initial_z,Zbase,m1,m2,initial_period_in_days
0.00284,0.00284,3.91962324,0.195981162,0.1
0.00284,0.00284,3.91962324,0.195981162,0.1396437957
0.00284,0.00284,3.91962324,0.195981162,0.1950038968
0.00284,0.00284,3.91962324,0.195981162,0.2723108433
0.00284,0.00284,3.91962324,0.195981162,0.3802651977
0.00284,0.00284,3.91962324,0.195981162,0.5310167558
0.00284,0.00284,3.91962324,0.195981162,0.7415319537
0.00284,0.00284,3.91962324,0.195981162,1.0355033665
0.00284,0.00284,3.91962324,0.195981162,1.4460162057
0.00284,0.00284,3.91962324,0.195981162,2.0192719162
0.00284,0.00284,3.91962324,0.195981162,2.8197879494
0.00284,0.00284,3.91962324,0.195981162,3.9376589236
0.00284,0.00284,3.91962324,0.195981162,5.498696383
0.00284,0.00284,3.91962324,0.195981162,7.6785883437
0.00284,0.00284,3.91962324,0.195981162,10.7226722201
0.00284,0.00284,3.91962324,0.195981162,14.9735464897
0.00284,0.00284,3.91962324,0.195981162,20.9096286705
0.00284,0.00284,3.91962324,0.195981162,29.1989991443
0.00284,0.00284,3.91962324,0.195981162,40.7745907144
0.00284,0.00284,3.91962324,0.195981162,56.9391861586
0.00284,0.00284,3.91962324,0.195981162,79.5120407981
0.00284,0.00284,3.91962324,0.195981162,111.0336318168
0.00284,0.00284,3.91962324,0.195981162,155.0515779833
0.00284,0.00284,3.91962324,0.195981162,216.5199088036
0.00284,0.00284,3.91962324,0.195981162,302.3566191205
0.00284,0.00284,3.91962324,0.195981162,422.2222595195
0.00284,0.00284,3.91962324,0.195981162,589.6071895242
0.00284,0.00284,3.91962324,0.195981162,823.3498592289
0.00284,0.00284,3.91962324,0.195981162,1149.7569953977
0.00284,0.00284,3.91962324,0.195981162,1605.5643098112
0.00284,0.00284,3.91962324,0.195981162,2242.0709447806
0.00284,0.00284,3.91962324,0.195981162,3130.912969796
0.00284,0.00284,3.91962324,0.195981162,4372.1257113904
0.00284,0.00284,3.91962324,0.195981162,6105.4022965853
0.00284,0.00284,3.91962324,0.391962324,0.1
0.00284,0.00284,3.91962324,0.391962324,0.1396437957
0.00284,0.00284,3.91962324,0.391962324,0.1950038968
0.00284,0.00284,3.91962324,0.391962324,0.2723108433
0.00284,0.00284,3.91962324,0.391962324,0.3802651977
0.00284,0.00284,3.91962324,0.391962324,0.5310167558
0.00284,0.00284,3.91962324,0.391962324,0.7415319537
0.00284,0.00284,3.91962324,0.391962324,1.0355033665
0.00284,0.00284,3.91962324,0.391962324,1.4460162057
0.00284,0.00284,3.91962324,0.391962324,2.0192719162
0.00284,0.00284,3.91962324,0.391962324,2.8197879494
0.00284,0.00284,3.91962324,0.391962324,3.9376589236
0.00284,0.00284,3.91962324,0.391962324,5.498696383
0.00284,0.00284,3.91962324,0.391962324,7.6785883437
0.00284,0.00284,3.91962324,0.391962324,10.7226722201
0.00284,0.00284,3.91962324,0.391962324,14.9735464897
0.00284,0.00284,3.91962324,0.391962324,20.9096286705
0.00284,0.00284,3.91962324,0.391962324,29.1989991443
0.00284,0.00284,3.91962324,0.391962324,40.7745907144
0.00284,0.00284,3.91962324,0.391962324,56.9391861586
0.00284,0.00284,3.91962324,0.391962324,79.5120407981
0.00284,0.00284,3.91962324,0.391962324,111.0336318168
0.00284,0.00284,3.91962324,0.391962324,155.0515779833
0.00284,0.00284,3.91962324,0.391962324,216.5199088036
0.00284,0.00284,3.91962324,0.391962324,302.3566191205
0.00284,0.00284,3.91962324,0.391962324,422.2222595195
0.00284,0.00284,3.91962324,0.391962324,589.6071895242
0.00284,0.00284,3.91962324,0.391962324,823.3498592289
0.00284,0.00284,3.91962324,0.391962324,1149.7569953977
0.00284,0.00284,3.91962324,0.391962324,1605.5643098112
0.00284,0.00284,3.91962324,0.391962324,2242.0709447806
0.00284,0.00284,3.91962324,0.391962324,3130.912969796
0.00284,0.00284,3.91962324,0.391962324,4372.1257113904
0.00284,0.00284,3.91962324,0.391962324,6105.4022965853
0.00284,0.00284,4.07412709,0.2037063545,0.1
0.00284,0.00284,4.07412709,0.2037063545,0.1396437957
0.00284,0.00284,4.07412709,0.2037063545,0.1950038968
0.00284,0.00284,4.07412709,0.2037063545,0.2723108433
0.00284,0.00284,4.07412709,0.2037063545,0.3802651977
0.00284,0.00284,4.07412709,0.2037063545,0.5310167558
0.00284,0.00284,4.07412709,0.2037063545,0.7415319537
0.00284,0.00284,4.07412709,0.2037063545,1.0355033665
0.00284,0.00284,4.07412709,0.2037063545,1.4460162057
0.00284,0.00284,4.07412709,0.2037063545,2.0192719162
0.00284,0.00284,4.07412709,0.2037063545,2.8197879494
0.00284,0.00284,4.07412709,0.2037063545,3.9376589236
0.00284,0.00284,4.07412709,0.2037063545,5.498696383
0.00284,0.00284,4.07412709,0.2037063545,7.6785883437
0.00284,0.00284,4.07412709,0.2037063545,10.7226722201
0.00284,0.00284,4.07412709,0.2037063545,14.9735464897
0.00284,0.00284,4.07412709,0.2037063545,20.9096286705
0.00284,0.00284,4.07412709,0.2037063545,29.1989991443
0.00284,0.00284,4.07412709,0.2037063545,40.7745907144
0.00284,0.00284,4.07412709,0.2037063545,56.9391861586
0.00284,0.00284,4.07412709,0.2037063545,79.5120407981
0.00284,0.00284,4.07412709,0.2037063545,111.0336318168
0.00284,0.00284,4.07412709,0.2037063545,155.0515779833
0.00284,0.00284,4.07412709,0.2037063545,216.5199088036
0.00284,0.00284,4.07412709,0.2037063545,302.3566191205
0.00284,0.00284,4.07412709,0.2037063545,422.2222595195
0.00284,0.00284,4.07412709,0.2037063545,589.6071895242
0.00284,0.00284,4.07412709,0.2037063545,823.3498592289
0.00284,0.00284,4.07412709,0.2037063545,1149.7569953977
0.00284,0.00284,4.07412709,0.2037063545,1605.5643098112
0.00284,0.00284,4.07412709,0.2037063545,2242.0709447806
0.00284,0.00284,4.07412709,0.2037063545,3130.912969796
0.00284,0.00284,4.07412709,0.2037063545,4372.1257113904
0.00284,0.00284,4.07412709,0.2037063545,6105.4022965853
0.00284,0.00284,4.07412709,0.407412709,0.1
0.00284,0.00284,4.07412709,0.407412709,0.1396437957
0.00284,0.00284,4.07412709,0.407412709,0.1950038968
0.00284,0.00284,4.07412709,0.407412709,0.2723108433
0.00284,0.00284,4.07412709,0.407412709,0.3802651977
0.00284,0.00284,4.07412709,0.407412709,0.5310167558
0.00284,0.00284,4.07412709,0.407412709,0.7415319537
0.00284,0.00284,4.07412709,0.407412709,1.0355033665
0.00284,0.00284,4.07412709,0.407412709,1.4460162057
0.00284,0.00284,4.07412709,0.407412709,2.0192719162
0.00284,0.00284,4.07412709,0.407412709,2.8197879494
0.00284,0.00284,4.07412709,0.407412709,3.9376589236
0.00284,0.00284,4.07412709,0.407412709,5.498696383
0.00284,0.00284,4.07412709,0.407412709,7.6785883437
0.00284,0.00284,4.07412709,0.407412709,10.7226722201
0.00284,0.00284,4.07412709,0.407412709,14.9735464897
0.00284,0.00284,4.07412709,0.407412709,20.9096286705
0.00284,0.00284,4.07412709,0.407412709,29.1989991443
0.00284,0.00284,4.07412709,0.407412709,40.7745907144
0.00284,0.00284,4.07412709,0.407412709,56.9391861586
0.00284,0.00284,4.07412709,0.407412709,79.5120407981
0.00284,0.00284,4.07412709,0.407412709,111.0336318168
0.00284,0.00284,4.07412709,0.407412709,155.0515779833
0.00284,0.00284,4.07412709,0.407412709,216.5199088036
0.00284,0.00284,4.07412709,0.407412709,302.3566191205
0.00284,0.00284,4.07412709,0.407412709,422.2222595195
0.00284,0.00284,4.07412709,0.407412709,589.6071895242
0.00284,0.00284,4.07412709,0.407412709,823.3498592289
0.00284,0.00284,4.07412709,0.407412709,1149.7569953977
0.00284,0.00284,4.07412709,0.407412709,1605.5643098112
0.00284,0.00284,4.07412709,0.407412709,2242.0709447806
0.00284,0.00284,4.07412709,0.407412709,3130.912969796
0.00284,0.00284,4.07412709,0.407412709,4372.1257113904
0.00284,0.00284,4.07412709,0.407412709,6105.4022965853
0.00284,0.00284,4.23472117,0.2117360585,0.1
0.00284,0.00284,4.23472117,0.2117360585,0.1396437957
0.00284,0.00284,4.23472117,0.2117360585,0.1950038968
0.00284,0.00284,4.23472117,0.2117360585,0.2723108433
0.00284,0.00284,4.23472117,0.2117360585,0.3802651977
0.00284,0.00284,4.23472117,0.2117360585,0.5310167558
0.00284,0.00284,4.23472117,0.2117360585,0.7415319537
0.00284,0.00284,4.23472117,0.2117360585,1.0355033665
0.00284,0.00284,4.23472117,0.2117360585,1.4460162057
0.00284,0.00284,4.23472117,0.2117360585,2.0192719162
0.00284,0.00284,4.23472117,0.2117360585,2.8197879494
0.00284,0.00284,4.23472117,0.2117360585,3.9376589236
0.00284,0.00284,4.23472117,0.2117360585,5.498696383
0.00284,0.00284,4.23472117,0.2117360585,7.6785883437
0.00284,0.00284,4.23472117,0.2117360585,10.7226722201
0.00284,0.00284,4.23472117,0.2117360585,14.9735464897
0.00284,0.00284,4.23472117,0.2117360585,20.9096286705
0.00284,0.00284,4.23472117,0.2117360585,29.1989991443
0.00284,0.00284,4.23472117,0.2117360585,40.7745907144
0.00284,0.00284,4.23472117,0.2117360585,56.9391861586
0.00284,0.00284,4.23472117,0.2117360585,79.5120407981
0.00284,0.00284,4.23472117,0.2117360585,111.0336318168
0.00284,0.00284,4.23472117,0.2117360585,155.0515779833
0.00284,0.00284,4.23472117,0.2117360585,216.5199088036
0.00284,0.00284,4.23472117,0.2117360585,302.3566191205
0.00284,0.00284,4.23472117,0.2117360585,422.2222595195
0.00284,0.00284,4.23472117,0.2117360585,589.6071895242
0.00284,0.00284,4.23472117,0.2117360585,823.3498592289
0.00284,0.00284,4.23472117,0.2117360585,1149.7569953977
0.00284,0.00284,4.23472117,0.2117360585,1605.5643098112
0.00284,0.00284,4.23472117,0.2117360585,2242.0709447806
0.00284,0.00284,4.23472117,0.2117360585,3130.912969796
0.00284,0.00284,4.23472117,0.2117360585,4372.1257113904
0.00284,0.00284,4.23472117,0.2117360585,6105.4022965853
0.00284,0.00284,4.23472117,0.423472117,0.1
0.00284,0.00284,4.23472117,0.423472117,0.1396437957
0.00284,0.00284,4.23472117,0.423472117,0.1950038968
0.00284,0.00284,4.23472117,0.423472117,0.2723108433
0.00284,0.00284,4.23472117,0.423472117,0.3802651977
0.00284,0.00284,4.23472117,0.423472117,0.5310167558
0.00284,0.00284,4.23472117,0.423472117,0.7415319537
0.00284,0.00284,4.23472117,0.423472117,1.0355033665
0.00284,0.00284,4.23472117,0.423472117,1.4460162057
0.00284,0.00284,4.23472117,0.423472117,2.0192719162
0.00284,0.00284,4.23472117,0.423472117,2.8197879494
0.00284,0.00284,4.23472117,0.423472117,3.9376589236
0.00284,0.00284,4.23472117,0.423472117,5.498696383
0.00284,0.00284,4.23472117,0.423472117,7.6785883437
0.00284,0.00284,4.23472117,0.423472117,10.7226722201
0.00284,0.00284,4.23472117,0.423472117,14.9735464897
0.00284,0.00284,4.23472117,0.423472117,20.9096286705
0.00284,0.00284,4.23472117,0.423472117,29.1989991443
0.00284,0.00284,4.23472117,0.423472117,40.7745907144
0.00284,0.00284,4.23472117,0.423472117,56.9391861586
0.00284,0.00284,4.23472117,0.423472117,79.5120407981
0.00284,0.00284,4.23472117,0.423472117,111.0336318168
0.00284,0.00284,4.23472117,0.423472117,155.0515779833
0.00284,0.00284,4.23472117,0.423472117,216.5199088036
0.00284,0.00284,4.23472117,0.423472117,302.3566191205
0.00284,0.00284,4.23472117,0.423472117,422.2222595195
0.00284,0.00284,4.23472117,0.423472117,589.6071895242
0.00284,0.00284,4.23472117,0.423472117,823.3498592289
0.00284,0.00284,4.23472117,0.423472117,1149.7569953977
0.00284,0.00284,4.23472117,0.423472117,1605.5643098112
0.00284,0.00284,4.23472117,0.423472117,2242.0709447806
0.00284,0.00284,4.23472117,0.423472117,3130.912969796
0.00284,0.00284,4.23472117,0.423472117,4372.1257113904
0.00284,0.00284,4.23472117,0.423472117,6105.4022965853
0.00284,0.00284,4.40164555,0.2200822775,0.1
0.00284,0.00284,4.40164555,0.2200822775,0.1396437957
0.00284,0.00284,4.40164555,0.2200822775,0.1950038968
0.00284,0.00284,4.40164555,0.2200822775,0.2723108433
0.00284,0.00284,4.40164555,0.2200822775,0.3802651977
0.00284,0.00284,4.40164555,0.2200822775,0.5310167558
0.00284,0.00284,4.40164555,0.2200822775,0.7415319537
0.00284,0.00284,4.40164555,0.2200822775,1.0355033665
0.00284,0.00284,4.40164555,0.2200822775,1.4460162057
0.00284,0.00284,4.40164555,0.2200822775,2.0192719162
0.00284,0.00284,4.40164555,0.2200822775,2.8197879494
0.00284,0.00284,4.40164555,0.2200822775,3.9376589236
0.00284,0.00284,4.40164555,0.2200822775,5.498696383
0.00284,0.00284,4.40164555,0.2200822775,7.6785883437
0.00284,0.00284,4.40164555,0.2200822775,10.7226722201
0.00284,0.00284,4.40164555,0.2200822775,14.9735464897
0.00284,0.00284,4.40164555,0.2200822775,20.9096286705
0.00284,0.00284,4.40164555,0.2200822775,29.1989991443
0.00284,0.00284,4.40164555,0.2200822775,40.7745907144
0.00284,0.00284,4.40164555,0.2200822775,56.9391861586
0.00284,0.00284,4.40164555,0.2200822775,79.5120407981
0.00284,0.00284,4.40164555,0.2200822775,111.0336318168
0.00284,0.00284,4.40164555,0.2200822775,155.0515779833
0.00284,0.00284,4.40164555,0.2200822775,216.5199088036
0.00284,0.00284,4.40164555,0.2200822775,302.3566191205
0.00284,0.00284,4.40164555,0.2200822775,422.2222595195
0.00284,0.00284,4.40164555,0.2200822775,589.6071895242
0.00284,0.00284,4.40164555,0.2200822775,823.3498592289
0.00284,0.00284,4.40164555,0.2200822775,1149.7569953977
0.00284,0.00284,4.40164555,0.2200822775,1605.5643098112
0.00284,0.00284,4.40164555,0.2200822775,2242.0709447806
0.00284,0.00284,4.40164555,0.2200822775,3130.912969796
0.00284,0.00284,4.40164555,0.2200822775,4372.1257113904
0.00284,0.00284,4.40164555,0.2200822775,6105.4022965853
0.00284,0.00284,4.40164555,0.440164555,0.1
0.00284,0.00284,4.40164555,0.440164555,0.1396437957
0.00284,0.00284,4.40164555,0.440164555,0.1950038968
0.00284,0.00284,4.40164555,0.440164555,0.2723108433
0.00284,0.00284,4.40164555,0.440164555,0.3802651977
0.00284,0.00284,4.40164555,0.440164555,0.5310167558
0.00284,0.00284,4.40164555,0.440164555,0.7415319537
0.00284,0.00284,4.40164555,0.440164555,1.0355033665
0.00284,0.00284,4.40164555,0.440164555,1.4460162057
0.00284,0.00284,4.40164555,0.440164555,2.0192719162
0.00284,0.00284,4.40164555,0.440164555,2.8197879494
0.00284,0.00284,4.40164555,0.440164555,3.9376589236
0.00284,0.00284,4.40164555,0.440164555,5.498696383
0.00284,0.00284,4.40164555,0.440164555,7.6785883437
0.00284,0.00284,4.40164555,0.440164555,10.7226722201
0.00284,0.00284,4.40164555,0.440164555,14.9735464897
0.00284,0.00284,4.40164555,0.440164555,20.9096286705
0.00284,0.00284,4.40164555,0.440164555,29.1989991443
0.00284,0.00284,4.40164555,0.440164555,40.7745907144
0.00284,0.00284,4.40164555,0.440164555,56.9391861586
0.00284,0.00284,4.40164555,0.440164555,79.5120407981
0.00284,0.00284,4.40164555,0.440164555,111.0336318168
0.00284,0.00284,4.40164555,0.440164555,155.0515779833
0.00284,0.00284,4.40164555,0.440164555,216.5199088036
0.00284,0.00284,4.40164555,0.440164555,302.3566191205
0.00284,0.00284,4.40164555,0.440164555,422.2222595195
0.00284,0.00284,4.40164555,0.440164555,589.6071895242
0.00284,0.00284,4.40164555,0.440164555,823.3498592289
0.00284,0.00284,4.40164555,0.440164555,1149.7569953977
0.00284,0.00284,4.40164555,0.440164555,1605.5643098112
0.00284,0.00284,4.40164555,0.440164555,2242.0709447806
0.00284,0.00284,4.40164555,0.440164555,3130.912969796
0.00284,0.00284,4.40164555,0.440164555,4372.1257113904
0.00284,0.00284,4.40164555,0.440164555,6105.4022965853
0.00284,0.00284,4.57514977,0.2287574885,0.1
0.00284,0.00284,4.57514977,0.2287574885,0.1396437957
0.00284,0.00284,4.57514977,0.2287574885,0.1950038968
0.00284,0.00284,4.57514977,0.2287574885,0.2723108433
0.00284,0.00284,4.57514977,0.2287574885,0.3802651977
0.00284,0.00284,4.57514977,0.2287574885,0.5310167558
0.00284,0.00284,4.57514977,0.2287574885,0.7415319537
0.00284,0.00284,4.57514977,0.2287574885,1.0355033665
0.00284,0.00284,4.57514977,0.2287574885,1.4460162057
0.00284,0.00284,4.57514977,0.2287574885,2.0192719162
0.00284,0.00284,4.57514977,0.2287574885,2.8197879494
0.00284,0.00284,4.57514977,0.2287574885,3.9376589236
0.00284,0.00284,4.57514977,0.2287574885,5.498696383
0.00284,0.00284,4.57514977,0.2287574885,7.6785883437
0.00284,0.00284,4.57514977,0.2287574885,10.7226722201
0.00284,0.00284,4.57514977,0.2287574885,14.9735464897
0.00284,0.00284,4.57514977,0.2287574885,20.9096286705
0.00284,0.00284,4.57514977,0.2287574885,29.1989991443
0.00284,0.00284,4.57514977,0.2287574885,40.7745907144
0.00284,0.00284,4.57514977,0.2287574885,56.9391861586
0.00284,0.00284,4.57514977,0.2287574885,79.5120407981
0.00284,0.00284,4.57514977,0.2287574885,111.0336318168
0.00284,0.00284,4.57514977,0.2287574885,155.0515779833
0.00284,0.00284,4.57514977,0.2287574885,216.5199088036
0.00284,0.00284,4.57514977,0.2287574885,302.3566191205
0.00284,0.00284,4.57514977,0.2287574885,422.2222595195
0.00284,0.00284,4.57514977,0.2287574885,589.6071895242
0.00284,0.00284,4.57514977,0.2287574885,823.3498592289
0.00284,0.00284,4.57514977,0.2287574885,1149.7569953977
0.00284,0.00284,4.57514977,0.2287574885,1605.5643098112
0.00284,0.00284,4.57514977,0.2287574885,2242.0709447806
0.00284,0.00284,4.57514977,0.2287574885,3130.912969796
0.00284,0.00284,4.57514977,0.2287574885,4372.1257113904
0.00284,0.00284,4.57514977,0.2287574885,6105.4022965853
0.00284,0.00284,4.57514977,0.457514977,0.1
0.00284,0.00284,4.57514977,0.457514977,0.1396437957
0.00284,0.00284,4.57514977,0.457514977,0.1950038968
0.00284,0.00284,4.57514977,0.457514977,0.2723108433
0.00284,0.00284,4.57514977,0.457514977,0.3802651977
0.00284,0.00284,4.57514977,0.457514977,0.5310167558
0.00284,0.00284,4.57514977,0.457514977,0.7415319537
0.00284,0.00284,4.57514977,0.457514977,1.0355033665
0.00284,0.00284,4.57514977,0.457514977,1.4460162057
0.00284,0.00284,4.57514977,0.457514977,2.0192719162
0.00284,0.00284,4.57514977,0.457514977,2.8197879494
0.00284,0.00284,4.57514977,0.457514977,3.9376589236
0.00284,0.00284,4.57514977,0.457514977,5.498696383
0.00284,0.00284,4.57514977,0.457514977,7.6785883437
0.00284,0.00284,4.57514977,0.457514977,10.7226722201
0.00284,0.00284,4.57514977,0.457514977,14.9735464897
0.00284,0.00284,4.57514977,0.457514977,20.9096286705
0.00284,0.00284,4.57514977,0.457514977,29.1989991443
0.00284,0.00284,4.57514977,0.457514977,40.7745907144
0.00284,0.00284,4.57514977,0.457514977,56.9391861586
0.00284,0.00284,4.57514977,0.457514977,79.5120407981
0.00284,0.00284,4.57514977,0.457514977,111.0336318168
0.00284,0.00284,4.57514977,0.457514977,155.0515779833
0.00284,0.00284,4.57514977,0.457514977,216.5199088036
0.00284,0.00284,4.57514977,0.457514977,302.3566191205
0.00284,0.00284,4.57514977,0.457514977,422.2222595195
0.00284,0.00284,4.57514977,0.457514977,589.6071895242
0.00284,0.00284,4.57514977,0.457514977,823.3498592289
0.00284,0.00284,4.57514977,0.457514977,1149.7569953977
0.00284,0.00284,4.57514977,0.457514977,1605.5643098112
0.00284,0.00284,4.57514977,0.457514977,2242.0709447806
0.00284,0.00284,4.57514977,0.457514977,3130.912969796
0.00284,0.00284,4.57514977,0.457514977,4372.1257113904
0.00284,0.00284,4.57514977,0.457514977,6105.4022965853
0.00284,0.00284,4.75549318,0.237774659,0.1
0.00284,0.00284,4.75549318,0.237774659,0.1396437957
0.00284,0.00284,4.75549318,0.237774659,0.1950038968
0.00284,0.00284,4.75549318,0.237774659,0.2723108433
0.00284,0.00284,4.75549318,0.237774659,0.3802651977
0.00284,0.00284,4.75549318,0.237774659,0.5310167558
0.00284,0.00284,4.75549318,0.237774659,0.7415319537
0.00284,0.00284,4.75549318,0.237774659,1.0355033665
0.00284,0.00284,4.75549318,0.237774659,1.4460162057
0.00284,0.00284,4.75549318,0.237774659,2.0192719162
0.00284,0.00284,4.75549318,0.237774659,2.8197879494
0.00284,0.00284,4.75549318,0.237774659,3.9376589236
0.00284,0.00284,4.75549318,0.237774659,5.498696383
0.00284,0.00284,4.75549318,0.237774659,7.6785883437
0.00284,0.00284,4.75549318,0.237774659,10.7226722201
0.00284,0.00284,4.75549318,0.237774659,14.9735464897
0.00284,0.00284,4.75549318,0.237774659,20.9096286705
0.00284,0.00284,4.75549318,0.237774659,29.1989991443
0.00284,0.00284,4.75549318,0.237774659,40.7745907144
0.00284,0.00284,4.75549318,0.237774659,56.9391861586
0.00284,0.00284,4.75549318,0.237774659,79.5120407981
0.00284,0.00284,4.75549318,0.237774659,111.0336318168
0.00284,0.00284,4.75549318,0.237774659,155.0515779833
0.00284,0.00284,4.75549318,0.237774659,216.5199088036
0.00284,0.00284,4.75549318,0.237774659,302.3566191205
0.00284,0.00284,4.75549318,0.237774659,422.2222595195
0.00284,0.00284,4.75549318,0.237774659,589.6071895242
0.00284,0.00284,4.75549318,0.237774659,823.3498592289
0.00284,0.00284,4.75549318,0.237774659,1149.7569953977
0.00284,0.00284,4.75549318,0.237774659,1605.5643098112
0.00284,0.00284,4.75549318,0.237774659,2242.0709447806
0.00284,0.00284,4.75549318,0.237774659,3130.912969796
0.00284,0.00284,4.75549318,0.237774659,4372.1257113904
0.00284,0.00284,4.75549318,0.237774659,6105.4022965853
0.00284,0.00284,4.75549318,0.475549318,0.1
0.00284,0.00284,4.75549318,0.475549318,0.1396437957
0.00284,0.00284,4.75549318,0.475549318,0.1950038968
0.00284,0.00284,4.75549318,0.475549318,0.2723108433
0.00284,0.00284,4.75549318,0.475549318,0.3802651977
0.00284,0.00284,4.75549318,0.475549318,0.5310167558
0.00284,0.00284,4.75549318,0.475549318,0.7415319537
0.00284,0.00284,4.75549318,0.475549318,1.0355033665
0.00284,0.00284,4.75549318,0.475549318,1.4460162057
0.00284,0.00284,4.75549318,0.475549318,2.0192719162
0.00284,0.00284,4.75549318,0.475549318,2.8197879494
0.00284,0.00284,4.75549318,0.475549318,3.9376589236
0.00284,0.00284,4.75549318,0.475549318,5.498696383
0.00284,0.00284,4.75549318,0.475549318,7.6785883437
0.00284,0.00284,4.75549318,0.475549318,10.7226722201
0.00284,0.00284,4.75549318,0.475549318,14.9735464897
0.00284,0.00284,4.75549318,0.475549318,20.9096286705
0.00284,0.00284,4.75549318,0.475549318,29.1989991443
0.00284,0.00284,4.75549318,0.475549318,40.7745907144
0.00284,0.00284,4.75549318,0.475549318,56.9391861586
0.00284,0.00284,4.75549318,0.475549318,79.5120407981
0.00284,0.00284,4.75549318,0.475549318,111.0336318168
0.00284,0.00284,4.75549318,0.475549318,155.0515779833
0.00284,0.00284,4.75549318,0.475549318,216.5199088036
0.00284,0.00284,4.75549318,0.475549318,302.3566191205
0.00284,0.00284,4.75549318,0.475549318,422.2222595195
0.00284,0.00284,4.75549318,0.475549318,589.6071895242
0.00284,0.00284,4.75549318,0.475549318,823.3498592289
0.00284,0.00284,4.75549318,0.475549318,1149.7569953977
0.00284,0.00284,4.75549318,0.475549318,1605.5643098112
0.00284,0.00284,4.75549318,0.475549318,2242.0709447806
0.00284,0.00284,4.75549318,0.475549318,3130.912969796
0.00284,0.00284,4.75549318,0.475549318,4372.1257113904
0.00284,0.00284,4.75549318,0.475549318,6105.4022965853
0.00284,0.00284,4.94294537,0.2471472685,0.1
0.00284,0.00284,4.94294537,0.2471472685,0.1396437957
0.00284,0.00284,4.94294537,0.2471472685,0.1950038968
0.00284,0.00284,4.94294537,0.2471472685,0.2723108433
0.00284,0.00284,4.94294537,0.2471472685,0.3802651977
0.00284,0.00284,4.94294537,0.2471472685,0.5310167558
0.00284,0.00284,4.94294537,0.2471472685,0.7415319537
0.00284,0.00284,4.94294537,0.2471472685,1.0355033665
0.00284,0.00284,4.94294537,0.2471472685,1.4460162057
0.00284,0.00284,4.94294537,0.2471472685,2.0192719162
0.00284,0.00284,4.94294537,0.2471472685,2.8197879494
0.00284,0.00284,4.94294537,0.2471472685,3.9376589236
0.00284,0.00284,4.94294537,0.2471472685,5.498696383
0.00284,0.00284,4.94294537,0.2471472685,7.6785883437
0.00284,0.00284,4.94294537,0.2471472685,10.7226722201
0.00284,0.00284,4.94294537,0.2471472685,14.9735464897
0.00284,0.00284,4.94294537,0.2471472685,20.9096286705
0.00284,0.00284,4.94294537,0.2471472685,29.1989991443
0.00284,0.00284,4.94294537,0.2471472685,40.7745907144
0.00284,0.00284,4.94294537,0.2471472685,56.9391861586
0.00284,0.00284,4.94294537,0.2471472685,79.5120407981
0.00284,0.00284,4.94294537,0.2471472685,111.0336318168
0.00284,0.00284,4.94294537,0.2471472685,155.0515779833
0.00284,0.00284,4.94294537,0.2471472685,216.5199088036
0.00284,0.00284,4.94294537,0.2471472685,302.3566191205
0.00284,0.00284,4.94294537,0.2471472685,422.2222595195
0.00284,0.00284,4.94294537,0.2471472685,589.6071895242
0.00284,0.00284,4.94294537,0.2471472685,823.3498592289
0.00284,0.00284,4.94294537,0.2471472685,1149.7569953977
0.00284,0.00284,4.94294537,0.2471472685,1605.5643098112
0.00284,0.00284,4.94294537,0.2471472685,2242.0709447806
0.00284,0.00284,4.94294537,0.2471472685,3130.912969796
0.00284,0.00284,4.94294537,0.2471472685,4372.1257113904
0.00284,0.00284,4.94294537,0.2471472685,6105.4022965853
0.00284,0.00284,4.94294537,0.494294537,0.1
0.00284,0.00284,4.94294537,0.494294537,0.1396437957
0.00284,0.00284,4.94294537,0.494294537,0.1950038968
0.00284,0.00284,4.94294537,0.494294537,0.2723108433
0.00284,0.00284,4.94294537,0.494294537,0.3802651977
0.00284,0.00284,4.94294537,0.494294537,0.5310167558
0.00284,0.00284,4.94294537,0.494294537,0.7415319537
0.00284,0.00284,4.94294537,0.494294537,1.0355033665
0.00284,0.00284,4.94294537,0.494294537,1.4460162057
0.00284,0.00284,4.94294537,0.494294537,2.0192719162
0.00284,0.00284,4.94294537,0.494294537,2.8197879494
0.00284,0.00284,4.94294537,0.494294537,3.9376589236
0.00284,0.00284,4.94294537,0.494294537,5.498696383
0.00284,0.00284,4.94294537,0.494294537,7.6785883437
0.00284,0.00284,4.94294537,0.494294537,10.7226722201
0.00284,0.00284,4.94294537,0.494294537,14.9735464897
0.00284,0.00284,4.94294537,0.494294537,20.9096286705
0.00284,0.00284,4.94294537,0.494294537,29.1989991443
0.00284,0.00284,4.94294537,0.494294537,40.7745907144
0.00284,0.00284,4.94294537,0.494294537,56.9391861586
0.00284,0.00284,4.94294537,0.494294537,79.5120407981
0.00284,0.00284,4.94294537,0.494294537,111.0336318168
0.00284,0.00284,4.94294537,0.494294537,155.0515779833
0.00284,0.00284,4.94294537,0.494294537,216.5199088036
0.00284,0.00284,4.94294537,0.494294537,302.3566191205
0.00284,0.00284,4.94294537,0.494294537,422.2222595195
0.00284,0.00284,4.94294537,0.494294537,589.6071895242
0.00284,0.00284,4.94294537,0.494294537,823.3498592289
0.00284,0.00284,4.94294537,0.494294537,1149.7569953977
0.00284,0.00284,4.94294537,0.494294537,1605.5643098112
0.00284,0.00284,4.94294537,0.494294537,2242.0709447806
0.00284,0.00284,4.94294537,0.494294537,3130.912969796
0.00284,0.00284,4.94294537,0.494294537,4372.1257113904
0.00284,0.00284,4.94294537,0.494294537,6105.4022965853
0.00284,0.00284,5.13778656,0.256889328,0.1
0.00284,0.00284,5.13778656,0.256889328,0.1396437957
0.00284,0.00284,5.13778656,0.256889328,0.1950038968
0.00284,0.00284,5.13778656,0.256889328,0.2723108433
0.00284,0.00284,5.13778656,0.256889328,0.3802651977
0.00284,0.00284,5.13778656,0.256889328,0.5310167558
0.00284,0.00284,5.13778656,0.256889328,0.7415319537
0.00284,0.00284,5.13778656,0.256889328,1.0355033665
0.00284,0.00284,5.13778656,0.256889328,1.4460162057
0.00284,0.00284,5.13778656,0.256889328,2.0192719162
0.00284,0.00284,5.13778656,0.256889328,2.8197879494
0.00284,0.00284,5.13778656,0.256889328,3.9376589236
0.00284,0.00284,5.13778656,0.256889328,5.498696383
0.00284,0.00284,5.13778656,0.256889328,7.6785883437
0.00284,0.00284,5.13778656,0.256889328,10.7226722201
0.00284,0.00284,5.13778656,0.256889328,14.9735464897
0.00284,0.00284,5.13778656,0.256889328,20.9096286705
0.00284,0.00284,5.13778656,0.256889328,29.1989991443
0.00284,0.00284,5.13778656,0.256889328,40.7745907144
0.00284,0.00284,5.13778656,0.256889328,56.9391861586
0.00284,0.00284,5.13778656,0.256889328,79.5120407981
0.00284,0.00284,5.13778656,0.256889328,111.0336318168
0.00284,0.00284,5.13778656,0.256889328,155.0515779833
0.00284,0.00284,5.13778656,0.256889328,216.5199088036
0.00284,0.00284,5.13778656,0.256889328,302.3566191205
0.00284,0.00284,5.13778656,0.256889328,422.2222595195
0.00284,0.00284,5.13778656,0.256889328,589.6071895242
0.00284,0.00284,5.13778656,0.256889328,823.3498592289
0.00284,0.00284,5.13778656,0.256889328,1149.7569953977
0.00284,0.00284,5.13778656,0.256889328,1605.5643098112
0.00284,0.00284,5.13778656,0.256889328,2242.0709447806
0.00284,0.00284,5.13778656,0.256889328,3130.912969796
0.00284,0.00284,5.13778656,0.256889328,4372.1257113904
0.00284,0.00284,5.13778656,0.256889328,6105.4022965853
0.00284,0.00284,5.34030801,0.2670154005,0.1
0.00284,0.00284,5.34030801,0.2670154005,0.1396437957
0.00284,0.00284,5.34030801,0.2670154005,0.1950038968
0.00284,0.00284,5.34030801,0.2670154005,0.2723108433
0.00284,0.00284,5.34030801,0.2670154005,0.3802651977
0.00284,0.00284,5.34030801,0.2670154005,0.5310167558
0.00284,0.00284,5.34030801,0.2670154005,0.7415319537
0.00284,0.00284,5.34030801,0.2670154005,1.0355033665
0.00284,0.00284,5.34030801,0.2670154005,1.4460162057
0.00284,0.00284,5.34030801,0.2670154005,2.0192719162
0.00284,0.00284,5.34030801,0.2670154005,2.8197879494
0.00284,0.00284,5.34030801,0.2670154005,3.9376589236
0.00284,0.00284,5.34030801,0.2670154005,5.498696383
0.00284,0.00284,5.34030801,0.2670154005,7.6785883437
0.00284,0.00284,5.34030801,0.2670154005,10.7226722201
0.00284,0.00284,5.34030801,0.2670154005,14.9735464897
0.00284,0.00284,5.34030801,0.2670154005,20.9096286705
0.00284,0.00284,5.34030801,0.2670154005,29.1989991443
0.00284,0.00284,5.34030801,0.2670154005,40.7745907144
0.00284,0.00284,5.34030801,0.2670154005,56.9391861586
0.00284,0.00284,5.34030801,0.2670154005,79.5120407981
0.00284,0.00284,5.34030801,0.2670154005,111.0336318168
0.00284,0.00284,5.34030801,0.2670154005,155.0515779833
0.00284,0.00284,5.34030801,0.2670154005,216.5199088036
0.00284,0.00284,5.34030801,0.2670154005,302.3566191205
0.00284,0.00284,5.34030801,0.2670154005,422.2222595195
0.00284,0.00284,5.34030801,0.2670154005,589.6071895242
0.00284,0.00284,5.34030801,0.2670154005,823.3498592289
0.00284,0.00284,5.34030801,0.2670154005,1149.7569953977
0.00284,0.00284,5.34030801,0.2670154005,1605.5643098112
0.00284,0.00284,5.34030801,0.2670154005,2242.0709447806
0.00284,0.00284,5.34030801,0.2670154005,3130.912969796
0.00284,0.00284,5.34030801,0.2670154005,4372.1257113904
0.00284,0.00284,5.34030801,0.2670154005,6105.4022965853
0.00284,0.00284,5.5508124513,0.2775406226,0.1
0.00284,0.00284,5.5508124513,0.2775406226,0.1396437957
0.00284,0.00284,5.5508124513,0.2775406226,0.1950038968
0.00284,0.00284,5.5508124513,0.2775406226,0.2723108433
0.00284,0.00284,5.5508124513,0.2775406226,0.3802651977
0.00284,0.00284,5.5508124513,0.2775406226,0.5310167558
0.00284,0.00284,5.5508124513,0.2775406226,0.7415319537
0.00284,0.00284,5.5508124513,0.2775406226,1.0355033665
0.00284,0.00284,5.5508124513,0.2775406226,1.4460162057
0.00284,0.00284,5.5508124513,0.2775406226,2.0192719162
0.00284,0.00284,5.5508124513,0.2775406226,2.8197879494
0.00284,0.00284,5.5508124513,0.2775406226,3.9376589236
0.00284,0.00284,5.5508124513,0.2775406226,5.498696383
0.00284,0.00284,5.5508124513,0.2775406226,7.6785883437
0.00284,0.00284,5.5508124513,0.2775406226,10.7226722201
0.00284,0.00284,5.5508124513,0.2775406226,14.9735464897
0.00284,0.00284,5.5508124513,0.2775406226,20.9096286705
0.00284,0.00284,5.5508124513,0.2775406226,29.1989991443
0.00284,0.00284,5.5508124513,0.2775406226,40.7745907144
0.00284,0.00284,5.5508124513,0.2775406226,56.9391861586
0.00284,0.00284,5.5508124513,0.2775406226,79.5120407981
0.00284,0.00284,5.5508124513,0.2775406226,111.0336318168
0.00284,0.00284,5.5508124513,0.2775406226,155.0515779833
0.00284,0.00284,5.5508124513,0.2775406226,216.5199088036
0.00284,0.00284,5.5508124513,0.2775406226,302.3566191205
0.00284,0.00284,5.5508124513,0.2775406226,422.2222595195
0.00284,0.00284,5.5508124513,0.2775406226,589.6071895242
0.00284,0.00284,5.5508124513,0.2775406226,823.3498592289
0.00284,0.00284,5.5508124513,0.2775406226,1149.7569953977
0.00284,0.00284,5.5508124513,0.2775406226,1605.5643098112
0.00284,0.00284,5.5508124513,0.2775406226,2242.0709447806
0.00284,0.00284,5.5508124513,0.2775406226,3130.912969796
0.00284,0.00284,5.5508124513,0.2775406226,4372.1257113904
0.00284,0.00284,5.5508124513,0.2775406226,6105.4022965853
0.00284,0.00284,5.7696145665,0.2884807283,0.1
0.00284,0.00284,5.7696145665,0.2884807283,0.1396437957
0.00284,0.00284,5.7696145665,0.2884807283,0.1950038968
0.00284,0.00284,5.7696145665,0.2884807283,0.2723108433
0.00284,0.00284,5.7696145665,0.2884807283,0.3802651977
0.00284,0.00284,5.7696145665,0.2884807283,0.5310167558
0.00284,0.00284,5.7696145665,0.2884807283,0.7415319537
0.00284,0.00284,5.7696145665,0.2884807283,1.0355033665
0.00284,0.00284,5.7696145665,0.2884807283,1.4460162057
0.00284,0.00284,5.7696145665,0.2884807283,2.0192719162
0.00284,0.00284,5.7696145665,0.2884807283,2.8197879494
0.00284,0.00284,5.7696145665,0.2884807283,3.9376589236
0.00284,0.00284,5.7696145665,0.2884807283,5.498696383
0.00284,0.00284,5.7696145665,0.2884807283,7.6785883437
0.00284,0.00284,5.7696145665,0.2884807283,10.7226722201
0.00284,0.00284,5.7696145665,0.2884807283,14.9735464897
0.00284,0.00284,5.7696145665,0.2884807283,20.9096286705
0.00284,0.00284,5.7696145665,0.2884807283,29.1989991443
0.00284,0.00284,5.7696145665,0.2884807283,40.7745907144
0.00284,0.00284,5.7696145665,0.2884807283,56.9391861586
0.00284,0.00284,5.7696145665,0.2884807283,79.5120407981
0.00284,0.00284,5.7696145665,0.2884807283,111.0336318168
0.00284,0.00284,5.7696145665,0.2884807283,155.0515779833
0.00284,0.00284,5.7696145665,0.2884807283,216.5199088036
0.00284,0.00284,5.7696145665,0.2884807283,302.3566191205
0.00284,0.00284,5.7696145665,0.2884807283,422.2222595195
0.00284,0.00284,5.7696145665,0.2884807283,589.6071895242
0.00284,0.00284,5.7696145665,0.2884807283,823.3498592289
0.00284,0.00284,5.7696145665,0.2884807283,1149.7569953977
0.00284,0.00284,5.7696145665,0.2884807283,1605.5643098112
0.00284,0.00284,5.7696145665,0.2884807283,2242.0709447806
0.00284,0.00284,5.7696145665,0.2884807283,3130.912969796
0.00284,0.00284,5.7696145665,0.2884807283,4372.1257113904
0.00284,0.00284,5.7696145665,0.2884807283,6105.4022965853
0.00284,0.00284,5.882228965,0.2941114483,0.1
0.00284,0.00284,5.882228965,0.2941114483,0.1396437957
0.00284,0.00284,5.882228965,0.2941114483,0.1950038968
0.00284,0.00284,5.882228965,0.2941114483,0.2723108433
0.00284,0.00284,5.882228965,0.2941114483,0.3802651977
0.00284,0.00284,5.882228965,0.2941114483,0.5310167558
0.00284,0.00284,5.882228965,0.2941114483,0.7415319537
0.00284,0.00284,5.882228965,0.2941114483,1.0355033665
0.00284,0.00284,5.882228965,0.2941114483,1.4460162057
0.00284,0.00284,5.882228965,0.2941114483,2.0192719162
0.00284,0.00284,5.882228965,0.2941114483,2.8197879494
0.00284,0.00284,5.882228965,0.2941114483,3.9376589236
0.00284,0.00284,5.882228965,0.2941114483,5.498696383
0.00284,0.00284,5.882228965,0.2941114483,7.6785883437
0.00284,0.00284,5.882228965,0.2941114483,10.7226722201
0.00284,0.00284,5.882228965,0.2941114483,14.9735464897
0.00284,0.00284,5.882228965,0.2941114483,20.9096286705
0.00284,0.00284,5.882228965,0.2941114483,29.1989991443
0.00284,0.00284,5.882228965,0.2941114483,40.7745907144
0.00284,0.00284,5.882228965,0.2941114483,56.9391861586
0.00284,0.00284,5.882228965,0.2941114483,79.5120407981
0.00284,0.00284,5.882228965,0.2941114483,111.0336318168
0.00284,0.00284,5.882228965,0.2941114483,155.0515779833
0.00284,0.00284,5.882228965,0.2941114483,216.5199088036
0.00284,0.00284,5.882228965,0.2941114483,302.3566191205
0.00284,0.00284,5.882228965,0.2941114483,422.2222595195
0.00284,0.00284,5.882228965,0.2941114483,589.6071895242
0.00284,0.00284,5.882228965,0.2941114483,823.3498592289
0.00284,0.00284,5.882228965,0.2941114483,1149.7569953977
0.00284,0.00284,5.882228965,0.2941114483,1605.5643098112
0.00284,0.00284,5.882228965,0.2941114483,2242.0709447806
0.00284,0.00284,5.882228965,0.2941114483,3130.912969796
0.00284,0.00284,5.882228965,0.2941114483,4372.1257113904
0.00284,0.00284,5.882228965,0.2941114483,6105.4022965853
0.00284,0.00284,5.9970414311,0.2998520716,0.1
0.00284,0.00284,5.9970414311,0.2998520716,0.1396437957
0.00284,0.00284,5.9970414311,0.2998520716,0.1950038968
0.00284,0.00284,5.9970414311,0.2998520716,0.2723108433
0.00284,0.00284,5.9970414311,0.2998520716,0.3802651977
0.00284,0.00284,5.9970414311,0.2998520716,0.5310167558
0.00284,0.00284,5.9970414311,0.2998520716,0.7415319537
0.00284,0.00284,5.9970414311,0.2998520716,1.0355033665
0.00284,0.00284,5.9970414311,0.2998520716,1.4460162057
0.00284,0.00284,5.9970414311,0.2998520716,2.0192719162
0.00284,0.00284,5.9970414311,0.2998520716,2.8197879494
0.00284,0.00284,5.9970414311,0.2998520716,3.9376589236
0.00284,0.00284,5.9970414311,0.2998520716,5.498696383
0.00284,0.00284,5.9970414311,0.2998520716,7.6785883437
0.00284,0.00284,5.9970414311,0.2998520716,10.7226722201
0.00284,0.00284,5.9970414311,0.2998520716,14.9735464897
0.00284,0.00284,5.9970414311,0.2998520716,20.9096286705
0.00284,0.00284,5.9970414311,0.2998520716,29.1989991443
0.00284,0.00284,5.9970414311,0.2998520716,40.7745907144
0.00284,0.00284,5.9970414311,0.2998520716,56.9391861586
0.00284,0.00284,5.9970414311,0.2998520716,79.5120407981
0.00284,0.00284,5.9970414311,0.2998520716,111.0336318168
0.00284,0.00284,5.9970414311,0.2998520716,155.0515779833
0.00284,0.00284,5.9970414311,0.2998520716,216.5199088036
0.00284,0.00284,5.9970414311,0.2998520716,302.3566191205
0.00284,0.00284,5.9970414311,0.2998520716,422.2222595195
0.00284,0.00284,5.9970414311,0.2998520716,589.6071895242
0.00284,0.00284,5.9970414311,0.2998520716,823.3498592289
0.00284,0.00284,5.9970414311,0.2998520716,1149.7569953977
0.00284,0.00284,5.9970414311,0.2998520716,1605.5643098112
0.00284,0.00284,5.9970414311,0.2998520716,2242.0709447806
0.00284,0.00284,5.9970414311,0.2998520716,3130.912969796
0.00284,0.00284,5.9970414311,0.2998520716,4372.1257113904
0.00284,0.00284,5.9970414311,0.2998520716,6105.4022965853
0.00284,0.00284,6.2334330155,0.3116716508,0.1
0.00284,0.00284,6.2334330155,0.3116716508,0.1396437957
0.00284,0.00284,6.2334330155,0.3116716508,0.1950038968
0.00284,0.00284,6.2334330155,0.3116716508,0.2723108433
0.00284,0.00284,6.2334330155,0.3116716508,0.3802651977
0.00284,0.00284,6.2334330155,0.3116716508,0.5310167558
0.00284,0.00284,6.2334330155,0.3116716508,0.7415319537
0.00284,0.00284,6.2334330155,0.3116716508,1.0355033665
0.00284,0.00284,6.2334330155,0.3116716508,1.4460162057
0.00284,0.00284,6.2334330155,0.3116716508,2.0192719162
0.00284,0.00284,6.2334330155,0.3116716508,2.8197879494
0.00284,0.00284,6.2334330155,0.3116716508,3.9376589236
0.00284,0.00284,6.2334330155,0.3116716508,5.498696383
0.00284,0.00284,6.2334330155,0.3116716508,7.6785883437
0.00284,0.00284,6.2334330155,0.3116716508,10.7226722201
0.00284,0.00284,6.2334330155,0.3116716508,14.9735464897
0.00284,0.00284,6.2334330155,0.3116716508,20.9096286705
0.00284,0.00284,6.2334330155,0.3116716508,29.1989991443
0.00284,0.00284,6.2334330155,0.3116716508,40.7745907144
0.00284,0.00284,6.2334330155,0.3116716508,56.9391861586
0.00284,0.00284,6.2334330155,0.3116716508,79.5120407981
0.00284,0.00284,6.2334330155,0.3116716508,111.0336318168
0.00284,0.00284,6.2334330155,0.3116716508,155.0515779833
0.00284,0.00284,6.2334330155,0.3116716508,216.5199088036
0.00284,0.00284,6.2334330155,0.3116716508,302.3566191205
0.00284,0.00284,6.2334330155,0.3116716508,422.2222595195
0.00284,0.00284,6.2334330155,0.3116716508,589.6071895242
0.00284,0.00284,6.2334330155,0.3116716508,823.3498592289
0.00284,0.00284,6.2334330155,0.3116716508,1149.7569953977
0.00284,0.00284,6.2334330155,0.3116716508,1605.5643098112
0.00284,0.00284,6.2334330155,0.3116716508,2242.0709447806
0.00284,0.00284,6.2334330155,0.3116716508,3130.912969796
0.00284,0.00284,6.2334330155,0.3116716508,4372.1257113904
0.00284,0.00284,6.2334330155,0.3116716508,6105.4022965853
0.00284,0.00284,6.4791426915,0.3239571346,0.1
0.00284,0.00284,6.4791426915,0.3239571346,0.1396437957
0.00284,0.00284,6.4791426915,0.3239571346,0.1950038968
0.00284,0.00284,6.4791426915,0.3239571346,0.2723108433
0.00284,0.00284,6.4791426915,0.3239571346,0.3802651977
0.00284,0.00284,6.4791426915,0.3239571346,0.5310167558
0.00284,0.00284,6.4791426915,0.3239571346,0.7415319537
0.00284,0.00284,6.4791426915,0.3239571346,1.0355033665
0.00284,0.00284,6.4791426915,0.3239571346,1.4460162057
0.00284,0.00284,6.4791426915,0.3239571346,2.0192719162
0.00284,0.00284,6.4791426915,0.3239571346,2.8197879494
0.00284,0.00284,6.4791426915,0.3239571346,3.9376589236
0.00284,0.00284,6.4791426915,0.3239571346,5.498696383
0.00284,0.00284,6.4791426915,0.3239571346,7.6785883437
0.00284,0.00284,6.4791426915,0.3239571346,10.7226722201
0.00284,0.00284,6.4791426915,0.3239571346,14.9735464897
0.00284,0.00284,6.4791426915,0.3239571346,20.9096286705
0.00284,0.00284,6.4791426915,0.3239571346,29.1989991443
0.00284,0.00284,6.4791426915,0.3239571346,40.7745907144
0.00284,0.00284,6.4791426915,0.3239571346,56.9391861586
0.00284,0.00284,6.4791426915,0.3239571346,79.5120407981
0.00284,0.00284,6.4791426915,0.3239571346,111.0336318168
0.00284,0.00284,6.4791426915,0.3239571346,155.0515779833
0.00284,0.00284,6.4791426915,0.3239571346,216.5199088036
0.00284,0.00284,6.4791426915,0.3239571346,302.3566191205
0.00284,0.00284,6.4791426915,0.3239571346,422.2222595195
0.00284,0.00284,6.4791426915,0.3239571346,589.6071895242
0.00284,0.00284,6.4791426915,0.3239571346,823.3498592289
0.00284,0.00284,6.4791426915,0.3239571346,1149.7569953977
0.00284,0.00284,6.4791426915,0.3239571346,1605.5643098112
0.00284,0.00284,6.4791426915,0.3239571346,2242.0709447806
0.00284,0.00284,6.4791426915,0.3239571346,3130.912969796
0.00284,0.00284,6.4791426915,0.3239571346,4372.1257113904
0.00284,0.00284,6.4791426915,0.3239571346,6105.4022965853
0.00284,0.00284,6.6056060364,0.3302803018,0.1
0.00284,0.00284,6.6056060364,0.3302803018,0.1396437957
0.00284,0.00284,6.6056060364,0.3302803018,0.1950038968
0.00284,0.00284,6.6056060364,0.3302803018,0.2723108433
0.00284,0.00284,6.6056060364,0.3302803018,0.3802651977
0.00284,0.00284,6.6056060364,0.3302803018,0.5310167558
0.00284,0.00284,6.6056060364,0.3302803018,0.7415319537
0.00284,0.00284,6.6056060364,0.3302803018,1.0355033665
0.00284,0.00284,6.6056060364,0.3302803018,1.4460162057
0.00284,0.00284,6.6056060364,0.3302803018,2.0192719162
0.00284,0.00284,6.6056060364,0.3302803018,2.8197879494
0.00284,0.00284,6.6056060364,0.3302803018,3.9376589236
0.00284,0.00284,6.6056060364,0.3302803018,5.498696383
0.00284,0.00284,6.6056060364,0.3302803018,7.6785883437
0.00284,0.00284,6.6056060364,0.3302803018,10.7226722201
0.00284,0.00284,6.6056060364,0.3302803018,14.9735464897
0.00284,0.00284,6.6056060364,0.3302803018,20.9096286705
0.00284,0.00284,6.6056060364,0.3302803018,29.1989991443
0.00284,0.00284,6.6056060364,0.3302803018,40.7745907144
0.00284,0.00284,6.6056060364,0.3302803018,56.9391861586
0.00284,0.00284,6.6056060364,0.3302803018,79.5120407981
0.00284,0.00284,6.6056060364,0.3302803018,111.0336318168
0.00284,0.00284,6.6056060364,0.3302803018,155.0515779833
0.00284,0.00284,6.6056060364,0.3302803018,216.5199088036
0.00284,0.00284,6.6056060364,0.3302803018,302.3566191205
0.00284,0.00284,6.6056060364,0.3302803018,422.2222595195
0.00284,0.00284,6.6056060364,0.3302803018,589.6071895242
0.00284,0.00284,6.6056060364,0.3302803018,823.3498592289
0.00284,0.00284,6.6056060364,0.3302803018,1149.7569953977
0.00284,0.00284,6.6056060364,0.3302803018,1605.5643098112
0.00284,0.00284,6.6056060364,0.3302803018,2242.0709447806
0.00284,0.00284,6.6056060364,0.3302803018,3130.912969796
0.00284,0.00284,6.6056060364,0.3302803018,4372.1257113904
0.00284,0.00284,6.6056060364,0.3302803018,6105.4022965853
0.00284,0.00284,6.7345377599,0.336726888,0.1
0.00284,0.00284,6.7345377599,0.336726888,0.1396437957
0.00284,0.00284,6.7345377599,0.336726888,0.1950038968
0.00284,0.00284,6.7345377599,0.336726888,0.2723108433
0.00284,0.00284,6.7345377599,0.336726888,0.3802651977
0.00284,0.00284,6.7345377599,0.336726888,0.5310167558
0.00284,0.00284,6.7345377599,0.336726888,0.7415319537
0.00284,0.00284,6.7345377599,0.336726888,1.0355033665
0.00284,0.00284,6.7345377599,0.336726888,1.4460162057
0.00284,0.00284,6.7345377599,0.336726888,2.0192719162
0.00284,0.00284,6.7345377599,0.336726888,2.8197879494
0.00284,0.00284,6.7345377599,0.336726888,3.9376589236
0.00284,0.00284,6.7345377599,0.336726888,5.498696383
0.00284,0.00284,6.7345377599,0.336726888,7.6785883437
0.00284,0.00284,6.7345377599,0.336726888,10.7226722201
0.00284,0.00284,6.7345377599,0.336726888,14.9735464897
0.00284,0.00284,6.7345377599,0.336726888,20.9096286705
0.00284,0.00284,6.7345377599,0.336726888,29.1989991443
0.00284,0.00284,6.7345377599,0.336726888,40.7745907144
0.00284,0.00284,6.7345377599,0.336726888,56.9391861586
0.00284,0.00284,6.7345377599,0.336726888,79.5120407981
0.00284,0.00284,6.7345377599,0.336726888,111.0336318168
0.00284,0.00284,6.7345377599,0.336726888,155.0515779833
0.00284,0.00284,6.7345377599,0.336726888,216.5199088036
0.00284,0.00284,6.7345377599,0.336726888,302.3566191205
0.00284,0.00284,6.7345377599,0.336726888,422.2222595195
0.00284,0.00284,6.7345377599,0.336726888,589.6071895242
0.00284,0.00284,6.7345377599,0.336726888,823.3498592289
0.00284,0.00284,6.7345377599,0.336726888,1149.7569953977
0.00284,0.00284,6.7345377599,0.336726888,1605.5643098112
0.00284,0.00284,6.7345377599,0.336726888,2242.0709447806
0.00284,0.00284,6.7345377599,0.336726888,3130.912969796
0.00284,0.00284,6.7345377599,0.336726888,4372.1257113904
0.00284,0.00284,6.7345377599,0.336726888,6105.4022965853
0.00284,0.00284,7.0,0.35,0.1
0.00284,0.00284,7.0,0.35,0.1396437957
0.00284,0.00284,7.0,0.35,0.1950038968
0.00284,0.00284,7.0,0.35,0.2723108433
0.00284,0.00284,7.0,0.35,0.3802651977
0.00284,0.00284,7.0,0.35,0.5310167558
0.00284,0.00284,7.0,0.35,0.7415319537
0.00284,0.00284,7.0,0.35,1.0355033665
0.00284,0.00284,7.0,0.35,1.4460162057
0.00284,0.00284,7.0,0.35,2.0192719162
0.00284,0.00284,7.0,0.35,2.8197879494
0.00284,0.00284,7.0,0.35,3.9376589236
0.00284,0.00284,7.0,0.35,5.498696383
0.00284,0.00284,7.0,0.35,7.6785883437
0.00284,0.00284,7.0,0.35,10.7226722201
0.00284,0.00284,7.0,0.35,14.9735464897
0.00284,0.00284,7.0,0.35,20.9096286705
0.00284,0.00284,7.0,0.35,29.1989991443
0.00284,0.00284,7.0,0.35,40.7745907144
0.00284,0.00284,7.0,0.35,56.9391861586
0.00284,0.00284,7.0,0.35,79.5120407981
0.00284,0.00284,7.0,0.35,111.0336318168
0.00284,0.00284,7.0,0.35,155.0515779833
0.00284,0.00284,7.0,0.35,216.5199088036
0.00284,0.00284,7.0,0.35,302.3566191205
0.00284,0.00284,7.0,0.35,422.2222595195
0.00284,0.00284,7.0,0.35,589.6071895242
0.00284,0.00284,7.0,0.35,823.3498592289
0.00284,0.00284,7.0,0.35,1149.7569953977
0.00284,0.00284,7.0,0.35,1605.5643098112
0.00284,0.00284,7.0,0.35,2242.0709447806
0.00284,0.00284,7.0,0.35,3130.912969796
0.00284,0.00284,7.0,0.35,4372.1257113904
0.00284,0.00284,7.0,0.35,6105.4022965853
0.00284,0.00284,7.2759262397,0.363796312,0.1
0.00284,0.00284,7.2759262397,0.363796312,0.1396437957
0.00284,0.00284,7.2759262397,0.363796312,0.1950038968
0.00284,0.00284,7.2759262397,0.363796312,0.2723108433
0.00284,0.00284,7.2759262397,0.363796312,0.3802651977
0.00284,0.00284,7.2759262397,0.363796312,0.5310167558
0.00284,0.00284,7.2759262397,0.363796312,0.7415319537
0.00284,0.00284,7.2759262397,0.363796312,1.0355033665
0.00284,0.00284,7.2759262397,0.363796312,1.4460162057
0.00284,0.00284,7.2759262397,0.363796312,2.0192719162
0.00284,0.00284,7.2759262397,0.363796312,2.8197879494
0.00284,0.00284,7.2759262397,0.363796312,3.9376589236
0.00284,0.00284,7.2759262397,0.363796312,5.498696383
0.00284,0.00284,7.2759262397,0.363796312,7.6785883437
0.00284,0.00284,7.2759262397,0.363796312,10.7226722201
0.00284,0.00284,7.2759262397,0.363796312,14.9735464897
0.00284,0.00284,7.2759262397,0.363796312,20.9096286705
0.00284,0.00284,7.2759262397,0.363796312,29.1989991443
0.00284,0.00284,7.2759262397,0.363796312,40.7745907144
0.00284,0.00284,7.2759262397,0.363796312,56.9391861586
0.00284,0.00284,7.2759262397,0.363796312,79.5120407981
0.00284,0.00284,7.2759262397,0.363796312,111.0336318168
0.00284,0.00284,7.2759262397,0.363796312,155.0515779833
0.00284,0.00284,7.2759262397,0.363796312,216.5199088036
0.00284,0.00284,7.2759262397,0.363796312,302.3566191205
0.00284,0.00284,7.2759262397,0.363796312,422.2222595195
0.00284,0.00284,7.2759262397,0.363796312,589.6071895242
0.00284,0.00284,7.2759262397,0.363796312,823.3498592289
0.00284,0.00284,7.2759262397,0.363796312,1149.7569953977
0.00284,0.00284,7.2759262397,0.363796312,1605.5643098112
0.00284,0.00284,7.2759262397,0.363796312,2242.0709447806
0.00284,0.00284,7.2759262397,0.363796312,3130.912969796
0.00284,0.00284,7.2759262397,0.363796312,4372.1257113904
0.00284,0.00284,7.2759262397,0.363796312,6105.4022965853
0.00284,0.00284,7.4179416286,0.3708970814,0.1
0.00284,0.00284,7.4179416286,0.3708970814,0.1396437957
0.00284,0.00284,7.4179416286,0.3708970814,0.1950038968
0.00284,0.00284,7.4179416286,0.3708970814,0.2723108433
0.00284,0.00284,7.4179416286,0.3708970814,0.3802651977
0.00284,0.00284,7.4179416286,0.3708970814,0.5310167558
0.00284,0.00284,7.4179416286,0.3708970814,0.7415319537
0.00284,0.00284,7.4179416286,0.3708970814,1.0355033665
0.00284,0.00284,7.4179416286,0.3708970814,1.4460162057
0.00284,0.00284,7.4179416286,0.3708970814,2.0192719162
0.00284,0.00284,7.4179416286,0.3708970814,2.8197879494
0.00284,0.00284,7.4179416286,0.3708970814,3.9376589236
0.00284,0.00284,7.4179416286,0.3708970814,5.498696383
0.00284,0.00284,7.4179416286,0.3708970814,7.6785883437
0.00284,0.00284,7.4179416286,0.3708970814,10.7226722201
0.00284,0.00284,7.4179416286,0.3708970814,14.9735464897
0.00284,0.00284,7.4179416286,0.3708970814,20.9096286705
0.00284,0.00284,7.4179416286,0.3708970814,29.1989991443
0.00284,0.00284,7.4179416286,0.3708970814,40.7745907144
0.00284,0.00284,7.4179416286,0.3708970814,56.9391861586
0.00284,0.00284,7.4179416286,0.3708970814,79.5120407981
0.00284,0.00284,7.4179416286,0.3708970814,111.0336318168
0.00284,0.00284,7.4179416286,0.3708970814,155.0515779833
0.00284,0.00284,7.4179416286,0.3708970814,216.5199088036
0.00284,0.00284,7.4179416286,0.3708970814,302.3566191205
0.00284,0.00284,7.4179416286,0.3708970814,422.2222595195
0.00284,0.00284,7.4179416286,0.3708970814,589.6071895242
0.00284,0.00284,7.4179416286,0.3708970814,823.3498592289
0.00284,0.00284,7.4179416286,0.3708970814,1149.7569953977
0.00284,0.00284,7.4179416286,0.3708970814,1605.5643098112
0.00284,0.00284,7.4179416286,0.3708970814,2242.0709447806
0.00284,0.00284,7.4179416286,0.3708970814,3130.912969796
0.00284,0.00284,7.4179416286,0.3708970814,4372.1257113904
0.00284,0.00284,7.4179416286,0.3708970814,6105.4022965853
0.00284,0.00284,7.5627289492,0.3781364475,0.1
0.00284,0.00284,7.5627289492,0.3781364475,0.1396437957
0.00284,0.00284,7.5627289492,0.3781364475,0.1950038968
0.00284,0.00284,7.5627289492,0.3781364475,0.2723108433
0.00284,0.00284,7.5627289492,0.3781364475,0.3802651977
0.00284,0.00284,7.5627289492,0.3781364475,0.5310167558
0.00284,0.00284,7.5627289492,0.3781364475,0.7415319537
0.00284,0.00284,7.5627289492,0.3781364475,1.0355033665
0.00284,0.00284,7.5627289492,0.3781364475,1.4460162057
0.00284,0.00284,7.5627289492,0.3781364475,2.0192719162
0.00284,0.00284,7.5627289492,0.3781364475,2.8197879494
0.00284,0.00284,7.5627289492,0.3781364475,3.9376589236
0.00284,0.00284,7.5627289492,0.3781364475,5.498696383
0.00284,0.00284,7.5627289492,0.3781364475,7.6785883437
0.00284,0.00284,7.5627289492,0.3781364475,10.7226722201
0.00284,0.00284,7.5627289492,0.3781364475,14.9735464897
0.00284,0.00284,7.5627289492,0.3781364475,20.9096286705
0.00284,0.00284,7.5627289492,0.3781364475,29.1989991443
0.00284,0.00284,7.5627289492,0.3781364475,40.7745907144
0.00284,0.00284,7.5627289492,0.3781364475,56.9391861586
0.00284,0.00284,7.5627289492,0.3781364475,79.5120407981
0.00284,0.00284,7.5627289492,0.3781364475,111.0336318168
0.00284,0.00284,7.5627289492,0.3781364475,155.0515779833
0.00284,0.00284,7.5627289492,0.3781364475,216.5199088036
0.00284,0.00284,7.5627289492,0.3781364475,302.3566191205
0.00284,0.00284,7.5627289492,0.3781364475,422.2222595195
0.00284,0.00284,7.5627289492,0.3781364475,589.6071895242
0.00284,0.00284,7.5627289492,0.3781364475,823.3498592289
0.00284,0.00284,7.5627289492,0.3781364475,1149.7569953977
0.00284,0.00284,7.5627289492,0.3781364475,1605.5643098112
0.00284,0.00284,7.5627289492,0.3781364475,2242.0709447806
0.00284,0.00284,7.5627289492,0.3781364475,3130.912969796
0.00284,0.00284,7.5627289492,0.3781364475,4372.1257113904
0.00284,0.00284,7.5627289492,0.3781364475,6105.4022965853
0.00284,0.00284,7.8608368579,0.3930418429,0.1
0.00284,0.00284,7.8608368579,0.3930418429,0.1396437957
0.00284,0.00284,7.8608368579,0.3930418429,0.1950038968
0.00284,0.00284,7.8608368579,0.3930418429,0.2723108433
0.00284,0.00284,7.8608368579,0.3930418429,0.3802651977
0.00284,0.00284,7.8608368579,0.3930418429,0.5310167558
0.00284,0.00284,7.8608368579,0.3930418429,0.7415319537
0.00284,0.00284,7.8608368579,0.3930418429,1.0355033665
0.00284,0.00284,7.8608368579,0.3930418429,1.4460162057
0.00284,0.00284,7.8608368579,0.3930418429,2.0192719162
0.00284,0.00284,7.8608368579,0.3930418429,2.8197879494
0.00284,0.00284,7.8608368579,0.3930418429,3.9376589236
0.00284,0.00284,7.8608368579,0.3930418429,5.498696383
0.00284,0.00284,7.8608368579,0.3930418429,7.6785883437
0.00284,0.00284,7.8608368579,0.3930418429,10.7226722201
0.00284,0.00284,7.8608368579,0.3930418429,14.9735464897
0.00284,0.00284,7.8608368579,0.3930418429,20.9096286705
0.00284,0.00284,7.8608368579,0.3930418429,29.1989991443
0.00284,0.00284,7.8608368579,0.3930418429,40.7745907144
0.00284,0.00284,7.8608368579,0.3930418429,56.9391861586
0.00284,0.00284,7.8608368579,0.3930418429,79.5120407981
0.00284,0.00284,7.8608368579,0.3930418429,111.0336318168
0.00284,0.00284,7.8608368579,0.3930418429,155.0515779833
0.00284,0.00284,7.8608368579,0.3930418429,216.5199088036
0.00284,0.00284,7.8608368579,0.3930418429,302.3566191205
0.00284,0.00284,7.8608368579,0.3930418429,422.2222595195
0.00284,0.00284,7.8608368579,0.3930418429,589.6071895242
0.00284,0.00284,7.8608368579,0.3930418429,823.3498592289
0.00284,0.00284,7.8608368579,0.3930418429,1149.7569953977
0.00284,0.00284,7.8608368579,0.3930418429,1605.5643098112
0.00284,0.00284,7.8608368579,0.3930418429,2242.0709447806
0.00284,0.00284,7.8608368579,0.3930418429,3130.912969796
0.00284,0.00284,7.8608368579,0.3930418429,4372.1257113904
0.00284,0.00284,7.8608368579,0.3930418429,6105.4022965853
0.00284,0.00284,8.1706955943,0.4085347797,0.1
0.00284,0.00284,8.1706955943,0.4085347797,0.1396437957
0.00284,0.00284,8.1706955943,0.4085347797,0.1950038968
0.00284,0.00284,8.1706955943,0.4085347797,0.2723108433
0.00284,0.00284,8.1706955943,0.4085347797,0.3802651977
0.00284,0.00284,8.1706955943,0.4085347797,0.5310167558
0.00284,0.00284,8.1706955943,0.4085347797,0.7415319537
0.00284,0.00284,8.1706955943,0.4085347797,1.0355033665
0.00284,0.00284,8.1706955943,0.4085347797,1.4460162057
0.00284,0.00284,8.1706955943,0.4085347797,2.0192719162
0.00284,0.00284,8.1706955943,0.4085347797,2.8197879494
0.00284,0.00284,8.1706955943,0.4085347797,3.9376589236
0.00284,0.00284,8.1706955943,0.4085347797,5.498696383
0.00284,0.00284,8.1706955943,0.4085347797,7.6785883437
0.00284,0.00284,8.1706955943,0.4085347797,10.7226722201
0.00284,0.00284,8.1706955943,0.4085347797,14.9735464897
0.00284,0.00284,8.1706955943,0.4085347797,20.9096286705
0.00284,0.00284,8.1706955943,0.4085347797,29.1989991443
0.00284,0.00284,8.1706955943,0.4085347797,40.7745907144
0.00284,0.00284,8.1706955943,0.4085347797,56.9391861586
0.00284,0.00284,8.1706955943,0.4085347797,79.5120407981
0.00284,0.00284,8.1706955943,0.4085347797,111.0336318168
0.00284,0.00284,8.1706955943,0.4085347797,155.0515779833
0.00284,0.00284,8.1706955943,0.4085347797,216.5199088036
0.00284,0.00284,8.1706955943,0.4085347797,302.3566191205
0.00284,0.00284,8.1706955943,0.4085347797,422.2222595195
0.00284,0.00284,8.1706955943,0.4085347797,589.6071895242
0.00284,0.00284,8.1706955943,0.4085347797,823.3498592289
0.00284,0.00284,8.1706955943,0.4085347797,1149.7569953977
0.00284,0.00284,8.1706955943,0.4085347797,1605.5643098112
0.00284,0.00284,8.1706955943,0.4085347797,2242.0709447806
0.00284,0.00284,8.1706955943,0.4085347797,3130.912969796
0.00284,0.00284,8.1706955943,0.4085347797,4372.1257113904
0.00284,0.00284,8.1706955943,0.4085347797,6105.4022965853
0.00284,0.00284,8.3301755663,0.4165087783,0.1
0.00284,0.00284,8.3301755663,0.4165087783,0.1396437957
0.00284,0.00284,8.3301755663,0.4165087783,0.1950038968
0.00284,0.00284,8.3301755663,0.4165087783,0.2723108433
0.00284,0.00284,8.3301755663,0.4165087783,0.3802651977
0.00284,0.00284,8.3301755663,0.4165087783,0.5310167558
0.00284,0.00284,8.3301755663,0.4165087783,0.7415319537
0.00284,0.00284,8.3301755663,0.4165087783,1.0355033665
0.00284,0.00284,8.3301755663,0.4165087783,1.4460162057
0.00284,0.00284,8.3301755663,0.4165087783,2.0192719162
0.00284,0.00284,8.3301755663,0.4165087783,2.8197879494
0.00284,0.00284,8.3301755663,0.4165087783,3.9376589236
0.00284,0.00284,8.3301755663,0.4165087783,5.498696383
0.00284,0.00284,8.3301755663,0.4165087783,7.6785883437
0.00284,0.00284,8.3301755663,0.4165087783,10.7226722201
0.00284,0.00284,8.3301755663,0.4165087783,14.9735464897
0.00284,0.00284,8.3301755663,0.4165087783,20.9096286705
0.00284,0.00284,8.3301755663,0.4165087783,29.1989991443
0.00284,0.00284,8.3301755663,0.4165087783,40.7745907144
0.00284,0.00284,8.3301755663,0.4165087783,56.9391861586
0.00284,0.00284,8.3301755663,0.4165087783,79.5120407981
0.00284,0.00284,8.3301755663,0.4165087783,111.0336318168
0.00284,0.00284,8.3301755663,0.4165087783,155.0515779833
0.00284,0.00284,8.3301755663,0.4165087783,216.5199088036
0.00284,0.00284,8.3301755663,0.4165087783,302.3566191205
0.00284,0.00284,8.3301755663,0.4165087783,422.2222595195
0.00284,0.00284,8.3301755663,0.4165087783,589.6071895242
0.00284,0.00284,8.3301755663,0.4165087783,823.3498592289
0.00284,0.00284,8.3301755663,0.4165087783,1149.7569953977
0.00284,0.00284,8.3301755663,0.4165087783,1605.5643098112
0.00284,0.00284,8.3301755663,0.4165087783,2242.0709447806
0.00284,0.00284,8.3301755663,0.4165087783,3130.912969796
0.00284,0.00284,8.3301755663,0.4165087783,4372.1257113904
0.00284,0.00284,8.3301755663,0.4165087783,6105.4022965853
0.00284,0.00284,8.492768353,0.4246384177,0.1
0.00284,0.00284,8.492768353,0.4246384177,0.1396437957
0.00284,0.00284,8.492768353,0.4246384177,0.1950038968
0.00284,0.00284,8.492768353,0.4246384177,0.2723108433
0.00284,0.00284,8.492768353,0.4246384177,0.3802651977
0.00284,0.00284,8.492768353,0.4246384177,0.5310167558
0.00284,0.00284,8.492768353,0.4246384177,0.7415319537
0.00284,0.00284,8.492768353,0.4246384177,1.0355033665
0.00284,0.00284,8.492768353,0.4246384177,1.4460162057
0.00284,0.00284,8.492768353,0.4246384177,2.0192719162
0.00284,0.00284,8.492768353,0.4246384177,2.8197879494
0.00284,0.00284,8.492768353,0.4246384177,3.9376589236
0.00284,0.00284,8.492768353,0.4246384177,5.498696383
0.00284,0.00284,8.492768353,0.4246384177,7.6785883437
0.00284,0.00284,8.492768353,0.4246384177,10.7226722201
0.00284,0.00284,8.492768353,0.4246384177,14.9735464897
0.00284,0.00284,8.492768353,0.4246384177,20.9096286705
0.00284,0.00284,8.492768353,0.4246384177,29.1989991443
0.00284,0.00284,8.492768353,0.4246384177,40.7745907144
0.00284,0.00284,8.492768353,0.4246384177,56.9391861586
0.00284,0.00284,8.492768353,0.4246384177,79.5120407981
0.00284,0.00284,8.492768353,0.4246384177,111.0336318168
0.00284,0.00284,8.492768353,0.4246384177,155.0515779833
0.00284,0.00284,8.492768353,0.4246384177,216.5199088036
0.00284,0.00284,8.492768353,0.4246384177,302.3566191205
0.00284,0.00284,8.492768353,0.4246384177,422.2222595195
0.00284,0.00284,8.492768353,0.4246384177,589.6071895242
0.00284,0.00284,8.492768353,0.4246384177,823.3498592289
0.00284,0.00284,8.492768353,0.4246384177,1149.7569953977
0.00284,0.00284,8.492768353,0.4246384177,1605.5643098112
0.00284,0.00284,8.492768353,0.4246384177,2242.0709447806
0.00284,0.00284,8.492768353,0.4246384177,3130.912969796
0.00284,0.00284,8.492768353,0.4246384177,4372.1257113904
0.00284,0.00284,8.492768353,0.4246384177,6105.4022965853
0.00284,0.00284,8.8275365867,0.4413768293,0.1
0.00284,0.00284,8.8275365867,0.4413768293,0.1396437957
0.00284,0.00284,8.8275365867,0.4413768293,0.1950038968
0.00284,0.00284,8.8275365867,0.4413768293,0.2723108433
0.00284,0.00284,8.8275365867,0.4413768293,0.3802651977
0.00284,0.00284,8.8275365867,0.4413768293,0.5310167558
0.00284,0.00284,8.8275365867,0.4413768293,0.7415319537
0.00284,0.00284,8.8275365867,0.4413768293,1.0355033665
0.00284,0.00284,8.8275365867,0.4413768293,1.4460162057
0.00284,0.00284,8.8275365867,0.4413768293,2.0192719162
0.00284,0.00284,8.8275365867,0.4413768293,2.8197879494
0.00284,0.00284,8.8275365867,0.4413768293,3.9376589236
0.00284,0.00284,8.8275365867,0.4413768293,5.498696383
0.00284,0.00284,8.8275365867,0.4413768293,7.6785883437
0.00284,0.00284,8.8275365867,0.4413768293,10.7226722201
0.00284,0.00284,8.8275365867,0.4413768293,14.9735464897
0.00284,0.00284,8.8275365867,0.4413768293,20.9096286705
0.00284,0.00284,8.8275365867,0.4413768293,29.1989991443
0.00284,0.00284,8.8275365867,0.4413768293,40.7745907144
0.00284,0.00284,8.8275365867,0.4413768293,56.9391861586
0.00284,0.00284,8.8275365867,0.4413768293,79.5120407981
0.00284,0.00284,8.8275365867,0.4413768293,111.0336318168
0.00284,0.00284,8.8275365867,0.4413768293,155.0515779833
0.00284,0.00284,8.8275365867,0.4413768293,216.5199088036
0.00284,0.00284,8.8275365867,0.4413768293,302.3566191205
0.00284,0.00284,8.8275365867,0.4413768293,422.2222595195
0.00284,0.00284,8.8275365867,0.4413768293,589.6071895242
0.00284,0.00284,8.8275365867,0.4413768293,823.3498592289
0.00284,0.00284,8.8275365867,0.4413768293,1149.7569953977
0.00284,0.00284,8.8275365867,0.4413768293,1605.5643098112
0.00284,0.00284,8.8275365867,0.4413768293,2242.0709447806
0.00284,0.00284,8.8275365867,0.4413768293,3130.912969796
0.00284,0.00284,8.8275365867,0.4413768293,4372.1257113904
0.00284,0.00284,8.8275365867,0.4413768293,6105.4022965853
0.00284,0.00284,9.1755007261,0.4587750363,0.1
0.00284,0.00284,9.1755007261,0.4587750363,0.1396437957
0.00284,0.00284,9.1755007261,0.4587750363,0.1950038968
0.00284,0.00284,9.1755007261,0.4587750363,0.2723108433
0.00284,0.00284,9.1755007261,0.4587750363,0.3802651977
0.00284,0.00284,9.1755007261,0.4587750363,0.5310167558
0.00284,0.00284,9.1755007261,0.4587750363,0.7415319537
0.00284,0.00284,9.1755007261,0.4587750363,1.0355033665
0.00284,0.00284,9.1755007261,0.4587750363,1.4460162057
0.00284,0.00284,9.1755007261,0.4587750363,2.0192719162
0.00284,0.00284,9.1755007261,0.4587750363,2.8197879494
0.00284,0.00284,9.1755007261,0.4587750363,3.9376589236
0.00284,0.00284,9.1755007261,0.4587750363,5.498696383
0.00284,0.00284,9.1755007261,0.4587750363,7.6785883437
0.00284,0.00284,9.1755007261,0.4587750363,10.7226722201
0.00284,0.00284,9.1755007261,0.4587750363,14.9735464897
0.00284,0.00284,9.1755007261,0.4587750363,20.9096286705
0.00284,0.00284,9.1755007261,0.4587750363,29.1989991443
0.00284,0.00284,9.1755007261,0.4587750363,40.7745907144
0.00284,0.00284,9.1755007261,0.4587750363,56.9391861586
0.00284,0.00284,9.1755007261,0.4587750363,79.5120407981
0.00284,0.00284,9.1755007261,0.4587750363,111.0336318168
0.00284,0.00284,9.1755007261,0.4587750363,155.0515779833
0.00284,0.00284,9.1755007261,0.4587750363,216.5199088036
0.00284,0.00284,9.1755007261,0.4587750363,302.3566191205
0.00284,0.00284,9.1755007261,0.4587750363,422.2222595195
0.00284,0.00284,9.1755007261,0.4587750363,589.6071895242
0.00284,0.00284,9.1755007261,0.4587750363,823.3498592289
0.00284,0.00284,9.1755007261,0.4587750363,1149.7569953977
0.00284,0.00284,9.1755007261,0.4587750363,1605.5643098112
0.00284,0.00284,9.1755007261,0.4587750363,2242.0709447806
0.00284,0.00284,9.1755007261,0.4587750363,3130.912969796
0.00284,0.00284,9.1755007261,0.4587750363,4372.1257113904
0.00284,0.00284,9.1755007261,0.4587750363,6105.4022965853
0.00284,0.00284,9.3545930178,0.4677296509,0.1
0.00284,0.00284,9.3545930178,0.4677296509,0.1396437957
0.00284,0.00284,9.3545930178,0.4677296509,0.1950038968
0.00284,0.00284,9.3545930178,0.4677296509,0.2723108433
0.00284,0.00284,9.3545930178,0.4677296509,0.3802651977
0.00284,0.00284,9.3545930178,0.4677296509,0.5310167558
0.00284,0.00284,9.3545930178,0.4677296509,0.7415319537
0.00284,0.00284,9.3545930178,0.4677296509,1.0355033665
0.00284,0.00284,9.3545930178,0.4677296509,1.4460162057
0.00284,0.00284,9.3545930178,0.4677296509,2.0192719162
0.00284,0.00284,9.3545930178,0.4677296509,2.8197879494
0.00284,0.00284,9.3545930178,0.4677296509,3.9376589236
0.00284,0.00284,9.3545930178,0.4677296509,5.498696383
0.00284,0.00284,9.3545930178,0.4677296509,7.6785883437
0.00284,0.00284,9.3545930178,0.4677296509,10.7226722201
0.00284,0.00284,9.3545930178,0.4677296509,14.9735464897
0.00284,0.00284,9.3545930178,0.4677296509,20.9096286705
0.00284,0.00284,9.3545930178,0.4677296509,29.1989991443
0.00284,0.00284,9.3545930178,0.4677296509,40.7745907144
0.00284,0.00284,9.3545930178,0.4677296509,56.9391861586
0.00284,0.00284,9.3545930178,0.4677296509,79.5120407981
0.00284,0.00284,9.3545930178,0.4677296509,111.0336318168
0.00284,0.00284,9.3545930178,0.4677296509,155.0515779833
0.00284,0.00284,9.3545930178,0.4677296509,216.5199088036
0.00284,0.00284,9.3545930178,0.4677296509,302.3566191205
0.00284,0.00284,9.3545930178,0.4677296509,422.2222595195
0.00284,0.00284,9.3545930178,0.4677296509,589.6071895242
0.00284,0.00284,9.3545930178,0.4677296509,823.3498592289
0.00284,0.00284,9.3545930178,0.4677296509,1149.7569953977
0.00284,0.00284,9.3545930178,0.4677296509,1605.5643098112
0.00284,0.00284,9.3545930178,0.4677296509,2242.0709447806
0.00284,0.00284,9.3545930178,0.4677296509,3130.912969796
0.00284,0.00284,9.3545930178,0.4677296509,4372.1257113904
0.00284,0.00284,9.3545930178,0.4677296509,6105.4022965853
0.00284,0.00284,9.5371809278,0.4768590464,0.1
0.00284,0.00284,9.5371809278,0.4768590464,0.1396437957
0.00284,0.00284,9.5371809278,0.4768590464,0.1950038968
0.00284,0.00284,9.5371809278,0.4768590464,0.2723108433
0.00284,0.00284,9.5371809278,0.4768590464,0.3802651977
0.00284,0.00284,9.5371809278,0.4768590464,0.5310167558
0.00284,0.00284,9.5371809278,0.4768590464,0.7415319537
0.00284,0.00284,9.5371809278,0.4768590464,1.0355033665
0.00284,0.00284,9.5371809278,0.4768590464,1.4460162057
0.00284,0.00284,9.5371809278,0.4768590464,2.0192719162
0.00284,0.00284,9.5371809278,0.4768590464,2.8197879494
0.00284,0.00284,9.5371809278,0.4768590464,3.9376589236
0.00284,0.00284,9.5371809278,0.4768590464,5.498696383
0.00284,0.00284,9.5371809278,0.4768590464,7.6785883437
0.00284,0.00284,9.5371809278,0.4768590464,10.7226722201
0.00284,0.00284,9.5371809278,0.4768590464,14.9735464897
0.00284,0.00284,9.5371809278,0.4768590464,20.9096286705
0.00284,0.00284,9.5371809278,0.4768590464,29.1989991443
0.00284,0.00284,9.5371809278,0.4768590464,40.7745907144
0.00284,0.00284,9.5371809278,0.4768590464,56.9391861586
0.00284,0.00284,9.5371809278,0.4768590464,79.5120407981
0.00284,0.00284,9.5371809278,0.4768590464,111.0336318168
0.00284,0.00284,9.5371809278,0.4768590464,155.0515779833
0.00284,0.00284,9.5371809278,0.4768590464,216.5199088036
0.00284,0.00284,9.5371809278,0.4768590464,302.3566191205
0.00284,0.00284,9.5371809278,0.4768590464,422.2222595195
0.00284,0.00284,9.5371809278,0.4768590464,589.6071895242
0.00284,0.00284,9.5371809278,0.4768590464,823.3498592289
0.00284,0.00284,9.5371809278,0.4768590464,1149.7569953977
0.00284,0.00284,9.5371809278,0.4768590464,1605.5643098112
0.00284,0.00284,9.5371809278,0.4768590464,2242.0709447806
0.00284,0.00284,9.5371809278,0.4768590464,3130.912969796
0.00284,0.00284,9.5371809278,0.4768590464,4372.1257113904
0.00284,0.00284,9.5371809278,0.4768590464,6105.4022965853
0.00284,0.00284,9.9131178522,0.4956558926,0.1
0.00284,0.00284,9.9131178522,0.4956558926,0.1396437957
0.00284,0.00284,9.9131178522,0.4956558926,0.1950038968
0.00284,0.00284,9.9131178522,0.4956558926,0.2723108433
0.00284,0.00284,9.9131178522,0.4956558926,0.3802651977
0.00284,0.00284,9.9131178522,0.4956558926,0.5310167558
0.00284,0.00284,9.9131178522,0.4956558926,0.7415319537
0.00284,0.00284,9.9131178522,0.4956558926,1.0355033665
0.00284,0.00284,9.9131178522,0.4956558926,1.4460162057
0.00284,0.00284,9.9131178522,0.4956558926,2.0192719162
0.00284,0.00284,9.9131178522,0.4956558926,2.8197879494
0.00284,0.00284,9.9131178522,0.4956558926,3.9376589236
0.00284,0.00284,9.9131178522,0.4956558926,5.498696383
0.00284,0.00284,9.9131178522,0.4956558926,7.6785883437
0.00284,0.00284,9.9131178522,0.4956558926,10.7226722201
0.00284,0.00284,9.9131178522,0.4956558926,14.9735464897
0.00284,0.00284,9.9131178522,0.4956558926,20.9096286705
0.00284,0.00284,9.9131178522,0.4956558926,29.1989991443
0.00284,0.00284,9.9131178522,0.4956558926,40.7745907144
0.00284,0.00284,9.9131178522,0.4956558926,56.9391861586
0.00284,0.00284,9.9131178522,0.4956558926,79.5120407981
0.00284,0.00284,9.9131178522,0.4956558926,111.0336318168
0.00284,0.00284,9.9131178522,0.4956558926,155.0515779833
0.00284,0.00284,9.9131178522,0.4956558926,216.5199088036
0.00284,0.00284,9.9131178522,0.4956558926,302.3566191205
0.00284,0.00284,9.9131178522,0.4956558926,422.2222595195
0.00284,0.00284,9.9131178522,0.4956558926,589.6071895242
0.00284,0.00284,9.9131178522,0.4956558926,823.3498592289
0.00284,0.00284,9.9131178522,0.4956558926,1149.7569953977
0.00284,0.00284,9.9131178522,0.4956558926,1605.5643098112
0.00284,0.00284,9.9131178522,0.4956558926,2242.0709447806
0.00284,0.00284,9.9131178522,0.4956558926,3130.912969796
0.00284,0.00284,9.9131178522,0.4956558926,4372.1257113904
0.00284,0.00284,9.9131178522,0.4956558926,6105.4022965853
